40,46,35,12,27,12,0,0,0,0,9,10,0,2,3,4,7,10,10,15,9,15,13,13,16,16,15,13,11,13,13,11,11,14,12,12,15,14,15,13,11,14,18,16,18,24,36,65,91,98,94,94,89,96,93,75,51,26,25,26,26,23,16,18,18,19,20,17,20,22,21,23,20,22,25,26,27,32,32,32,36,34,36,27,24,19,17,17,18,17,16,15,18,19,28,29,30,31,29,30,32,33,33,33,31,33,34,35,35,32,32,34,32,32,33,35,32,33,34,33,35,33,31,28,25,24,26,23,21,21,21,22,19,22,21,18,20,19,19,17,20,16,13,14,15,13,14,15,17,16,15,12,10,8,9,18,23,34,49,58,70,74,80,86,83,87,87,87,84,76,76,71,69,72,77,89,95,98,91,91,84,84,87,86,92,101,108,103,124,143,144,135,127,129,131,142,148,153,155,160
42,42,58,48,40,13,20,22,18,17,13,2,0,0,0,0,0,1,8,9,10,13,13,10,12,10,8,10,8,14,15,13,11,13,14,12,14,16,14,15,14,16,16,18,21,27,30,57,73,81,76,73,67,63,59,44,29,26,26,29,29,30,25,26,23,25,30,29,30,26,28,31,27,26,24,26,25,27,27,27,28,25,23,20,16,14,12,13,7,12,12,14,16,18,23,31,38,38,35,38,39,41,41,36,34,33,33,32,34,32,31,32,30,32,32,32,31,30,35,33,35,34,29,28,24,26,26,24,22,20,19,20,19,17,18,16,18,19,18,18,17,16,16,13,14,13,13,14,14,15,14,13,13,12,14,19,29,35,45,57,67,78,81,81,83,83,86,81,78,73,71,68,66,66,76,89,99,96,92,85,83,82,81,81,87,97,101,105,117,144,151,135,121,121,130,145,148,156,158,155
49,37,33,45,43,37,39,34,30,23,13,0,0,0,0,0,0,0,0,0,6,7,7,7,13,11,7,10,10,12,13,13,9,13,14,15,15,17,18,20,19,21,23,25,25,25,24,32,44,48,44,38,33,37,38,35,35,33,31,34,36,34,42,37,39,40,39,39,43,42,39,48,34,25,23,25,20,24,21,17,18,16,18,14,11,3,2,2,0,4,9,8,10,18,25,28,34,36,40,43,47,49,47,42,34,31,29,30,27,31,32,31,33,32,31,31,31,31,31,33,32,35,30,27,27,28,27,24,24,18,19,18,19,17,19,18,19,17,16,16,17,16,15,12,12,13,15,13,17,13,13,13,13,13,17,20,28,36,41,53,65,77,82,81,78,78,78,74,72,67,63,62,62,64,75,87,95,96,93,87,83,84,86,91,91,94,101,104,117,133,145,135,125,125,132,145,148,155,153,154
39,34,34,31,18,24,33,29,33,24,14,3,0,0,0,0,0,0,0,0,0,3,7,5,7,12,13,11,8,8,7,11,14,15,15,16,18,18,19,19,21,21,26,27,29,27,23,23,25,31,32,35,36,37,39,40,38,35,39,42,38,45,44,45,52,46,46,37,30,42,52,46,49,35,22,26,23,21,20,18,14,14,10,6,1,0,0,0,0,0,1,1,7,11,18,26,32,35,37,42,43,46,47,42,38,35,27,28,25,26,28,31,28,31,30,30,27,28,31,32,31,33,30,28,27,27,28,29,26,23,17,17,16,17,18,15,16,15,16,17,16,14,13,13,11,12,13,13,13,14,12,11,11,10,17,22,29,39,41,49,62,74,81,80,76,71,68,66,65,59,56,55,53,65,77,89,95,95,91,88,87,91,94,95,96,99,105,107,108,133,140,138,135,139,143,142,150,150,151,153
19,20,25,37,26,20,24,34,30,28,24,27,22,19,18,19,13,10,3,2,1,3,1,5,8,14,14,13,15,10,9,9,11,13,12,18,17,19,17,20,22,21,27,28,29,25,21,24,29,32,34,35,35,36,38,38,39,39,38,44,46,46,46,44,40,42,42,39,32,37,50,41,42,48,42,30,24,25,24,23,16,13,11,7,0,1,0,2,0,3,5,5,6,11,15,20,30,30,33,38,36,42,45,43,39,35,31,28,25,28,28,32,32,30,28,29,28,28,27,27,27,29,31,29,30,29,24,29,24,22,19,18,18,16,17,15,15,15,16,15,16,18,15,14,14,13,15,14,11,12,13,10,10,10,15,22,28,38,46,51,60,74,81,79,71,68,62,61,56,56,55,50,55,72,89,106,103,97,93,92,94,99,97,95,91,103,111,119,119,123,132,139,142,145,146,146,144,144,151,152
28,29,22,21,22,28,39,21,12,14,15,16,19,28,26,22,22,23,19,20,15,11,8,9,10,14,15,16,13,12,11,14,17,18,18,18,19,19,19,22,21,27,28,31,25,22,22,25,29,36,37,38,36,35,39,39,38,41,45,52,53,46,49,42,24,23,26,28,26,25,31,34,41,47,49,42,31,29,29,29,28,23,19,17,20,19,17,17,17,11,13,15,17,17,19,19,21,27,26,29,30,34,36,35,36,37,34,27,28,27,27,30,28,29,29,32,29,28,27,25,28,29,27,29,29,29,26,25,21,21,19,18,21,19,17,16,16,19,18,18,23,19,21,23,18,17,15,13,11,9,7,11,9,8,12,23,34,41,44,50,59,70,76,79,74,67,60,52,52,53,59,59,62,74,93,108,102,102,96,94,91,94,93,87,92,108,119,128,124,120,122,126,134,146,146,145,145,144,145,145
42,26,35,28,10,35,42,39,29,2,8,5,7,12,11,0,0,0,4,11,11,14,14,16,17,17,18,18,17,15,15,19,20,23,23,25,23,23,23,21,27,31,30,30,27,24,23,26,32,35,39,37,37,34,34,35,39,42,53,53,43,43,32,31,20,24,25,19,11,14,15,22,35,40,44,41,43,39,37,39,37,34,29,29,28,30,29,29,25,26,27,26,28,32,30,30,30,29,28,29,27,26,26,31,35,38,35,32,28,27,28,30,30,29,29,30,28,27,27,26,25,27,26,26,25,25,25,24,21,20,20,24,25,25,23,18,22,28,30,47,45,38,46,38,30,25,17,13,11,10,10,8,9,7,14,21,31,45,44,52,60,69,77,77,72,66,61,57,51,55,61,66,65,73,89,108,110,105,101,98,95,88,86,85,85,105,119,124,119,113,105,116,131,142,147,145,144,136,143,148
38,40,26,26,37,36,30,37,30,27,7,0,0,0,0,0,0,0,1,2,7,11,16,22,23,23,22,20,21,17,19,21,26,29,28,29,20,22,23,25,26,29,27,28,26,25,22,21,25,31,36,35,34,35,34,32,43,52,50,49,38,25,24,19,17,19,16,11,7,1,8,15,16,17,22,37,36,42,41,47,47,46,38,34,37,41,40,39,35,34,34,35,39,41,41,40,38,39,38,33,31,24,23,25,30,32,32,30,28,24,24,24,25,27,28,29,28,28,26,26,25,26,28,29,26,27,23,22,22,24,24,25,28,29,28,29,47,50,41,37,50,52,57,62,47,41,32,20,19,17,14,8,10,7,14,23,33,42,48,52,57,67,73,71,67,66,63,57,58,58,64,68,70,78,86,102,103,106,106,104,100,92,89,89,101,113,121,120,115,107,105,108,126,134,141,143,141,144,150,151
37,42,39,33,43,41,34,10,18,32,30,9,0,0,0,0,0,0,0,3,6,13,20,22,27,26,30,25,21,19,20,22,27,30,29,27,21,21,23,24,26,27,25,25,24,22,20,16,18,26,31,33,35,35,34,38,43,39,31,32,29,23,14,21,5,12,8,2,0,0,2,0,5,18,28,24,37,38,43,52,56,46,45,38,41,41,47,48,42,40,38,36,40,44,49,50,47,49,47,43,42,35,29,26,26,25,24,24,19,20,21,23,22,25,26,30,28,29,27,26,23,28,28,28,28,23,22,25,25,24,24,27,30,31,34,42,38,33,41,33,36,41,39,46,56,52,47,36,25,17,16,13,12,11,19,26,37,49,53,57,62,64,68,72,66,63,62,59,59,62,67,73,73,81,89,104,104,106,107,105,105,94,90,91,103,118,121,119,113,110,107,108,124,126,134,144,143,153,156,161
51,56,60,53,46,31,23,21,16,16,24,11,0,0,0,0,0,0,0,0,7,9,14,23,23,27,23,26,22,20,18,20,22,25,28,27,27,27,26,30,35,32,31,28,30,29,23,17,18,24,28,32,34,33,34,41,50,33,35,24,15,21,19,4,0,1,0,0,1,0,0,0,1,0,14,16,27,29,39,45,48,51,44,40,41,46,51,51,49,45,42,85,43,79,47,59,59,72,67,112,61,43,49,70,56,76,18,73,14,13,14,18,18,21,23,27,27,29,26,24,24,26,29,30,29,30,27,28,28,28,28,28,31,36,38,43,30,30,32,26,16,28,28,38,45,51,51,44,36,20,17,15,15,16,22,26,40,48,57,59,60,65,67,66,67,60,59,60,62,64,67,69,79,93,98,107,109,107,107,105,99,100,94,96,101,109,113,114,120,115,111,115,117,124,131,137,152,165,174,170
68,65,68,67,43,35,31,37,37,28,11,10,16,12,6,1,1,0,0,0,5,8,15,20,22,24,24,23,21,20,18,18,20,21,25,27,28,26,28,34,33,36,37,37,36,33,27,24,24,26,30,33,32,33,44,53,39,30,22,21,17,15,12,7,2,0,0,0,0,0,0,0,0,0,6,11,18,26,33,39,48,46,45,43,43,50,56,60,65,57,113,112,191,206,208,229,235,241,245,238,241,245,246,247,243,241,233,219,114,103,18,47,15,19,21,27,26,27,24,21,19,23,27,26,26,29,27,30,32,31,32,31,36,37,31,34,24,37,21,22,24,29,19,23,30,40,42,42,41,30,21,20,17,20,25,30,42,49,54,62,63,65,68,68,66,66,63,56,59,60,64,71,84,97,104,112,108,107,102,102,98,97,97,96,105,106,109,114,120,124,118,114,115,122,124,144,163,173,176,163
75,78,68,66,59,42,37,33,43,45,36,29,38,34,17,11,8,8,2,4,10,12,14,17,20,19,19,20,19,18,21,21,21,20,22,25,28,28,30,32,34,35,38,38,39,36,33,30,31,31,30,34,32,34,43,48,32,28,22,17,16,8,6,1,1,1,0,0,0,0,0,0,0,0,2,7,19,20,21,40,43,45,45,44,45,51,66,89,132,211,233,245,248,249,250,251,250,251,249,250,250,247,246,247,249,249,251,248,241,241,217,218,44,34,26,24,24,23,20,18,17,16,19,25,26,30,28,31,33,35,35,35,38,20,44,29,20,17,17,14,17,15,7,19,20,22,36,39,38,32,24,24,22,25,32,36,43,50,56,61,61,64,65,70,71,67,63,58,58,57,67,79,91,105,110,111,111,107,104,102,100,99,102,105,106,106,110,119,124,124,123,116,114,121,127,141,158,177,172,154
79,86,67,69,68,40,34,30,39,42,47,58,71,55,27,21,15,15,18,17,14,16,15,16,16,17,15,16,18,18,17,21,18,18,16,18,17,22,29,29,31,33,39,37,39,36,37,33,34,33,33,35,34,37,45,45,32,24,28,17,15,9,9,1,0,0,0,0,0,0,0,0,0,0,4,3,13,19,16,34,42,45,46,45,47,64,147,233,244,248,248,250,250,250,252,251,251,252,251,253,248,254,253,252,248,247,249,250,248,248,246,247,244,234,201,188,40,42,24,15,14,14,16,21,21,24,28,31,31,33,34,42,40,31,34,14,9,10,14,2,4,1,3,5,10,11,23,29,44,47,47,28,24,29,34,35,45,50,54,60,60,62,65,70,73,69,65,59,59,59,73,97,103,111,110,109,107,106,104,102,102,100,103,105,114,111,116,120,125,124,120,121,130,136,130,140,152,161,158,137
81,82,81,76,76,57,39,41,42,39,38,48,70,65,44,30,33,29,26,26,24,19,16,16,15,14,14,16,17,17,15,20,23,20,18,20,22,23,25,29,28,33,37,42,41,41,40,36,40,39,40,39,38,36,52,45,36,27,19,17,10,4,10,3,0,0,0,0,0,0,0,0,1,9,5,0,0,16,16,17,48,41,46,62,134,212,240,247,249,249,249,251,252,252,251,252,254,254,253,254,253,253,253,253,252,253,252,250,251,250,250,249,249,250,250,247,239,200,165,84,19,16,15,18,17,22,27,28,32,34,39,38,17,27,33,25,14,11,13,0,0,0,0,0,3,7,22,26,24,39,41,34,28,29,34,39,44,46,52,56,57,63,64,67,71,68,65,62,61,66,89,99,108,110,111,106,102,105,103,98,100,105,104,106,106,106,109,120,125,123,119,130,150,158,163,162,158,169,167,147
86,77,72,85,90,72,63,55,46,46,44,51,62,68,64,61,43,39,35,39,33,28,25,24,19,15,15,15,14,8,14,21,26,26,23,25,25,24,26,27,32,35,40,44,44,43,41,42,45,41,41,40,38,44,55,43,36,24,20,17,10,1,0,0,0,0,0,0,0,0,0,0,0,2,2,0,3,12,14,17,108,104,119,202,233,243,248,249,247,249,251,253,254,254,254,255,253,255,254,253,253,255,255,255,253,255,252,254,254,252,251,250,249,250,250,250,251,247,244,226,122,22,21,21,21,25,25,26,28,34,36,29,20,22,23,20,14,2,0,0,0,0,0,0,3,6,16,16,15,32,43,39,32,27,31,37,38,40,49,56,60,63,65,67,70,72,67,64,64,80,95,104,110,111,105,105,104,101,104,103,101,102,106,104,106,104,106,120,122,122,127,140,161,164,171,176,177,178,176,153
89,73,72,83,94,97,85,69,58,65,62,64,73,66,64,73,71,57,52,51,47,42,43,41,35,26,28,26,22,20,21,31,35,31,27,27,28,27,28,32,35,41,47,46,47,47,44,44,44,45,43,45,49,57,54,45,30,26,18,12,10,5,1,1,0,0,0,0,0,0,1,2,11,11,0,3,4,10,19,51,206,224,233,237,246,245,250,250,251,252,254,255,254,255,254,255,255,255,255,255,255,255,255,255,255,254,254,254,253,255,253,251,253,254,251,248,245,246,248,244,242,213,83,46,30,25,26,26,29,32,33,16,15,24,12,8,1,11,0,0,0,0,0,1,4,5,12,20,23,21,32,42,38,26,30,33,39,40,44,52,56,57,62,70,70,73,69,70,77,91,102,101,96,98,100,105,104,108,105,104,106,110,111,111,111,114,117,128,132,131,145,155,162,158,161,168,174,181,175,148
99,75,77,76,93,103,93,76,67,78,77,79,81,74,70,68,77,85,82,68,58,59,63,62,49,45,46,45,40,38,38,48,53,48,34,29,28,35,36,40,43,46,47,53,48,48,44,48,46,47,49,55,61,65,56,37,28,22,20,10,6,0,1,4,0,0,0,0,0,0,0,9,30,11,1,18,12,23,50,157,218,236,238,243,245,251,253,251,254,255,254,255,255,254,255,255,253,255,255,255,255,255,255,255,255,255,255,255,254,254,249,252,252,254,252,251,249,248,248,248,244,245,231,213,148,54,35,30,29,33,28,15,11,16,18,5,14,1,0,0,0,0,0,0,1,1,3,14,20,20,26,32,36,31,33,35,36,37,43,48,53,58,62,67,70,72,70,74,89,95,108,106,100,98,106,107,113,112,111,113,112,114,122,120,124,129,133,131,140,161,159,162,163,149,139,142,142,151,155,132
96,93,71,66,66,83,98,75,77,77,79,85,94,90,85,78,79,85,89,83,86,81,78,75,66,55,64,60,58,53,59,60,68,65,52,45,42,41,46,55,60,58,53,50,52,49,47,54,58,63,66,72,80,88,67,41,32,24,14,10,12,2,3,2,1,0,1,0,0,0,6,5,42,12,13,7,37,97,80,184,241,239,243,249,249,248,253,252,253,255,254,255,253,255,255,255,255,255,255,255,255,255,255,255,255,255,255,254,253,250,254,253,253,255,252,252,251,249,250,248,246,243,243,244,241,222,228,206,134,34,18,15,23,3,1,9,5,1,0,0,0,0,0,0,5,7,4,11,15,20,29,37,44,34,34,41,43,41,45,47,49,55,61,68,72,73,75,84,95,109,116,110,107,107,106,110,112,111,113,116,119,125,125,128,129,138,137,130,144,165,166,170,161,145,125,109,102,109,119,113
96,101,79,63,56,66,90,94,78,82,87,96,99,112,99,91,90,89,92,89,93,88,87,83,73,66,65,60,55,57,60,65,77,92,87,73,79,79,74,75,69,71,65,51,51,49,54,64,78,80,87,91,92,96,74,39,29,21,18,14,14,0,2,2,3,0,0,5,0,14,2,9,11,3,41,42,20,123,206,232,239,243,246,247,251,252,253,252,254,254,254,255,253,254,255,255,255,255,255,255,255,255,254,255,255,254,255,255,254,253,250,253,251,252,253,251,251,251,251,247,249,246,241,242,241,239,229,201,106,29,17,11,7,3,2,5,9,2,0,0,0,0,0,0,0,1,2,13,18,23,24,33,35,35,32,41,49,48,50,52,54,58,63,68,72,72,82,100,109,124,120,112,112,111,115,115,114,114,118,122,127,129,128,128,131,132,134,120,149,165,169,164,156,138,115,100,81,72,95,107
91,105,96,76,69,72,91,100,77,79,89,82,90,102,106,102,101,101,100,99,97,91,95,93,82,75,67,68,75,79,74,71,84,101,111,111,115,117,109,94,87,79,73,66,62,61,70,78,88,96,97,99,99,93,77,41,29,21,18,10,3,4,0,1,1,3,1,0,7,12,0,0,1,44,31,131,147,200,235,241,246,248,248,244,246,249,253,254,254,253,254,254,255,254,254,255,255,254,254,255,255,254,255,255,255,255,254,254,255,251,252,253,250,252,255,251,254,249,244,249,249,245,245,239,233,236,225,184,85,23,14,6,0,5,1,5,4,0,0,0,0,0,0,0,1,9,9,17,13,19,25,34,38,35,35,43,49,51,53,54,53,61,66,71,69,83,101,115,132,133,120,117,113,114,112,112,112,119,124,125,127,128,126,129,127,130,122,132,152,167,164,154,154,129,106,108,97,75,74,92
85,97,104,90,88,90,92,104,90,82,87,91,84,98,104,102,107,109,104,103,108,106,109,110,106,88,81,78,86,86,88,89,94,111,113,118,122,134,134,114,94,87,83,83,83,76,80,90,94,96,96,96,94,90,76,42,25,27,22,15,8,5,1,1,0,0,0,5,2,3,5,4,15,42,134,163,216,228,239,244,249,248,248,251,252,253,251,254,250,254,253,254,255,254,255,253,255,255,255,251,254,255,255,253,254,254,255,254,255,254,253,254,253,253,254,254,253,253,252,242,252,248,245,244,235,234,195,134,70,28,16,7,11,0,1,8,5,1,0,0,0,0,0,0,0,2,3,14,14,20,27,32,36,29,33,40,47,51,52,55,58,64,70,75,74,95,111,124,131,126,115,108,110,113,115,117,119,123,126,126,125,123,126,130,133,124,126,139,159,165,155,143,134,106,99,112,119,99,75,77
74,92,106,104,92,88,92,101,101,105,112,115,101,109,107,101,102,111,113,114,120,116,113,110,116,113,95,83,85,92,102,103,103,104,107,106,108,120,123,116,101,95,99,98,99,90,92,95,93,91,87,86,88,90,83,46,29,20,17,15,8,1,0,0,1,2,2,8,9,10,13,20,38,18,181,205,215,238,246,247,244,248,251,251,250,251,254,255,252,254,253,254,255,255,254,254,254,251,255,254,254,255,254,255,255,254,255,254,254,254,254,255,254,255,254,254,249,252,250,252,254,246,249,243,239,229,227,199,193,43,46,9,7,0,0,8,3,0,0,0,0,0,0,0,1,1,9,11,16,20,29,39,30,25,28,33,40,46,49,52,57,66,71,73,79,103,111,119,118,112,112,105,114,121,122,120,117,121,128,127,123,123,132,133,130,124,126,153,162,155,136,117,105,97,78,106,119,109,91,77
80,95,101,108,98,96,96,108,105,119,121,120,115,118,116,99,91,108,118,122,133,119,109,110,117,119,109,97,81,89,101,108,108,104,101,95,96,99,107,106,104,101,103,103,100,97,96,99,93,86,84,92,97,101,91,49,32,25,18,14,10,1,0,1,0,0,1,8,17,10,7,45,94,108,153,210,237,244,245,244,248,249,249,251,251,254,254,255,252,253,254,254,253,252,255,252,255,255,249,254,255,254,254,254,253,255,252,253,253,253,255,253,255,254,254,252,252,254,251,253,247,248,248,246,244,241,228,195,148,78,105,11,6,1,0,3,5,0,0,0,0,0,0,1,7,13,12,15,18,25,33,40,31,26,25,27,35,37,45,52,59,68,75,83,87,101,106,105,99,103,101,108,118,124,124,122,118,121,127,129,130,138,151,153,137,124,140,156,157,148,116,105,102,89,81,88,103,102,87,76
91,97,95,101,101,97,104,107,107,111,119,123,120,123,123,107,97,110,136,156,155,135,123,117,115,109,106,105,99,91,92,97,100,100,94,89,87,87,92,93,94,95,98,98,99,99,97,96,91,88,89,104,110,108,100,54,34,28,20,16,6,1,1,0,0,0,0,14,10,8,27,101,139,178,220,233,239,247,247,247,247,246,250,250,250,252,253,254,249,253,251,253,252,253,253,252,248,254,249,255,254,252,254,253,253,255,251,254,252,254,253,252,252,252,251,252,253,255,250,252,249,246,248,244,244,238,240,210,204,154,125,37,32,1,0,3,10,3,0,0,1,0,0,2,11,12,10,16,17,20,27,40,30,26,26,25,28,34,43,50,61,72,80,85,89,97,101,104,101,102,108,113,121,122,121,118,116,121,131,140,146,150,166,162,146,136,146,151,150,132,120,106,98,96,90,88,85,75,70,70
96,95,94,93,98,90,83,101,88,96,113,133,129,127,132,123,112,134,162,181,180,168,157,147,129,107,108,120,118,92,87,92,101,102,94,92,95,93,90,92,91,92,93,91,90,89,88,88,87,85,96,107,117,117,110,82,32,21,19,17,12,1,1,1,1,12,0,15,13,26,103,149,171,196,225,239,238,245,249,245,246,252,250,253,253,249,249,249,254,253,253,247,251,247,252,252,251,252,250,255,251,255,253,254,248,249,254,249,252,252,246,252,252,251,252,251,255,252,251,248,254,248,253,249,244,247,240,229,224,210,175,51,24,10,1,8,5,8,13,20,0,0,1,3,4,9,16,14,19,24,34,36,28,27,26,22,25,31,41,51,63,72,81,86,91,96,102,104,110,113,114,117,117,118,116,121,124,131,144,148,155,160,171,166,158,147,148,144,127,124,120,116,105,98,88,87,77,63,56,52
96,86,84,92,95,86,74,87,75,76,106,129,128,125,135,138,146,162,176,184,180,170,167,167,153,133,119,125,125,113,110,102,109,112,107,102,103,102,100,99,97,91,90,89,92,83,82,87,87,89,96,100,112,115,114,93,32,23,19,9,1,3,0,0,3,4,2,14,22,103,164,192,198,232,239,243,245,244,250,248,246,250,248,252,251,250,248,250,248,246,250,252,246,249,252,254,245,253,252,255,252,240,252,253,249,249,254,249,252,252,252,246,246,254,252,250,250,253,251,252,253,243,248,242,249,243,239,237,209,210,164,133,51,61,36,10,0,0,0,0,1,0,3,7,11,15,16,21,17,31,37,30,28,24,21,22,25,32,43,57,69,75,82,92,97,103,113,117,113,120,115,113,111,112,117,126,137,152,160,160,157,163,166,158,150,149,151,144,133,124,124,128,117,98,81,77,74,64,53,55
88,87,84,92,98,86,65,83,87,77,88,115,121,124,127,139,156,170,174,182,178,166,164,169,159,147,134,139,143,150,142,131,120,123,117,120,118,109,107,103,106,98,93,93,92,90,89,93,96,87,88,94,103,110,115,114,58,23,21,14,15,3,2,0,0,0,7,17,45,102,152,193,214,244,242,248,246,247,248,249,247,247,250,249,249,251,253,250,253,252,251,243,254,252,254,250,253,252,251,249,253,253,245,249,248,253,253,253,251,252,249,251,249,246,254,250,247,252,248,251,250,240,246,248,245,246,246,227,218,215,170,173,140,78,53,44,14,1,0,0,0,0,7,15,13,12,16,17,19,39,33,25,25,26,21,19,22,33,47,66,74,77,84,91,101,115,122,123,126,123,111,104,106,112,124,144,149,169,177,179,167,156,154,147,138,139,142,130,133,131,131,130,117,95,77,75,69,60,55,49
84,89,93,100,102,92,70,73,97,98,95,119,129,129,132,145,158,164,166,175,184,176,173,163,163,155,155,158,164,173,160,145,132,130,135,133,131,124,116,110,106,101,96,96,106,104,101,105,104,98,90,88,97,109,116,117,95,39,13,11,10,8,1,1,0,1,11,38,128,148,188,210,221,240,247,250,246,247,247,244,249,247,249,251,246,252,252,248,249,246,249,247,250,251,246,250,251,250,249,253,251,247,253,248,254,253,250,250,253,252,253,248,251,253,249,249,242,249,247,243,248,250,248,242,242,243,249,228,227,216,205,190,122,101,111,53,1,0,0,0,1,4,6,10,17,15,19,22,31,35,28,26,24,20,21,19,22,35,52,70,75,79,85,92,102,125,131,137,130,119,108,100,103,118,147,158,165,177,188,187,168,154,137,121,115,108,116,126,129,130,126,118,106,91,81,72,69,64,62,64
77,96,90,102,97,95,81,89,106,100,104,124,128,133,137,152,157,151,153,172,183,188,174,163,165,164,157,166,175,182,171,156,144,141,142,145,147,137,126,111,102,100,93,99,106,114,109,114,115,109,101,95,98,104,113,116,114,91,38,18,3,1,3,2,2,8,27,86,126,171,195,229,235,241,246,248,248,251,251,246,244,251,250,252,253,251,254,254,253,252,249,248,249,252,250,251,255,250,250,246,254,251,243,255,243,249,251,245,244,249,249,248,250,246,250,249,252,249,246,246,245,248,246,246,244,239,242,233,229,219,211,203,174,185,139,58,9,2,1,2,1,9,8,11,16,14,20,26,32,34,28,24,24,20,20,19,27,40,57,76,81,86,89,93,111,128,146,145,136,119,107,103,114,140,162,171,180,175,178,181,160,137,119,102,98,89,91,98,108,122,110,97,85,83,87,80,67,61,77,100
90,91,88,100,99,92,84,80,94,95,97,113,126,127,139,156,150,148,154,166,172,179,171,170,175,176,167,174,182,182,174,163,158,153,158,166,169,153,135,121,109,105,101,107,114,122,116,119,116,112,109,102,101,102,106,111,113,111,88,36,17,12,7,7,3,43,22,100,145,178,195,225,241,247,248,248,247,248,249,246,249,253,249,241,251,249,246,253,255,250,244,254,249,247,250,251,252,248,243,242,252,251,252,247,246,240,239,238,247,252,251,248,252,246,245,254,249,244,251,252,247,249,247,246,243,244,244,242,240,216,218,208,190,185,164,110,34,12,20,22,32,6,9,15,16,20,22,26,35,26,25,24,23,21,21,20,27,45,60,82,92,105,98,97,118,141,154,142,130,117,105,114,133,157,173,181,172,161,156,151,135,115,101,90,74,79,85,93,96,92,82,73,70,76,78,70,61,81,107,130
89,91,83,93,96,88,97,80,76,86,95,119,126,128,150,162,157,151,157,159,159,166,172,169,185,183,174,179,185,182,177,173,171,165,163,174,175,167,148,130,125,119,120,117,116,115,117,120,117,110,111,111,110,104,104,107,112,110,109,89,46,27,16,17,18,54,129,118,158,184,213,240,244,247,247,249,251,250,248,250,249,245,252,248,250,247,247,248,249,252,250,249,242,246,249,241,251,250,239,250,242,250,244,248,250,244,245,249,254,249,246,247,249,249,240,244,247,249,244,246,243,247,241,240,237,230,241,239,241,229,221,190,185,184,158,83,72,30,27,15,2,16,17,17,16,17,25,35,30,26,28,25,27,23,23,22,31,46,66,89,103,106,105,109,125,150,154,141,125,108,104,128,144,169,179,174,159,139,122,119,116,106,96,86,75,71,83,91,85,78,72,71,70,70,73,72,73,99,137,148
82,96,80,80,98,84,99,99,89,96,105,131,135,128,147,157,162,156,162,155,148,157,164,165,173,179,178,185,188,183,173,176,171,169,161,168,171,164,160,149,139,136,135,130,119,119,123,120,115,110,110,113,115,108,106,102,106,107,107,107,104,73,53,47,103,160,164,165,190,209,241,241,246,248,246,248,248,249,248,248,242,252,248,248,246,245,253,247,248,252,244,249,250,243,251,248,245,255,246,241,220,247,245,247,250,233,242,249,245,251,249,247,245,244,240,244,251,244,246,246,249,240,246,246,235,251,237,237,243,232,224,227,195,190,168,132,80,33,14,16,9,9,15,16,18,21,28,32,27,27,27,29,26,25,22,23,34,54,71,96,101,103,111,114,133,143,145,131,110,103,116,137,154,172,176,164,142,123,116,114,106,106,97,86,78,72,79,94,93,76,71,77,81,72,71,78,94,122,138,140
72,92,84,79,91,90,89,98,95,105,112,127,134,130,144,164,163,143,148,157,154,159,160,155,154,160,167,186,190,189,179,174,171,162,156,154,153,161,164,160,151,147,146,135,126,123,126,121,117,113,113,115,116,109,109,106,105,108,105,108,104,105,111,110,133,171,193,203,203,226,242,245,246,248,248,251,250,248,250,245,247,239,240,243,248,243,246,241,248,241,242,250,251,248,245,248,249,253,252,253,239,241,246,243,249,246,253,239,253,241,249,243,255,252,247,249,240,243,247,241,239,231,252,244,242,236,245,231,239,232,227,223,211,183,188,137,102,56,16,12,13,11,11,17,20,25,31,28,26,28,29,28,31,27,23,27,37,56,76,93,101,100,110,117,134,136,137,117,101,105,125,146,165,169,170,154,133,119,114,112,105,106,101,87,83,74,78,86,93,84,78,85,90,79,73,92,107,115,113,105
74,88,100,91,90,90,82,93,95,101,110,135,160,129,129,149,147,121,138,149,162,168,164,152,143,136,149,173,187,193,188,173,170,170,163,157,156,158,161,164,162,156,154,148,142,134,131,119,117,114,111,110,110,114,110,109,109,107,107,110,108,111,111,116,148,181,201,212,219,242,246,246,245,250,244,244,240,244,245,246,243,248,249,248,243,250,246,250,250,248,239,250,244,243,249,245,235,243,242,242,249,238,244,242,230,244,241,238,250,252,249,236,240,248,242,252,245,247,242,247,245,240,237,249,255,241,240,240,242,233,228,226,211,206,187,165,115,67,26,7,13,17,14,18,26,31,23,24,19,25,29,30,30,29,24,32,45,59,81,92,100,103,109,126,132,129,120,114,110,112,129,154,171,167,165,153,144,130,118,108,106,103,101,92,83,78,73,87,95,88,82,87,93,85,79,97,100,96,77,61
73,78,97,96,86,94,75,75,96,108,131,151,163,129,107,117,113,105,120,138,157,165,166,156,146,134,139,150,162,172,182,181,179,173,173,164,160,158,160,165,171,168,161,158,155,150,133,112,115,114,110,107,108,111,114,113,111,111,113,111,112,108,110,125,173,183,207,216,239,244,244,241,249,249,242,247,241,246,249,243,245,242,241,245,249,251,248,252,241,245,247,242,245,246,241,249,238,244,240,220,250,243,252,232,237,239,242,239,249,243,243,246,251,236,244,245,243,240,241,241,242,243,238,232,248,243,236,243,239,241,235,230,224,206,179,184,145,122,56,19,11,10,19,25,28,25,23,23,21,24,26,30,25,26,33,46,52,67,81,94,103,109,115,126,131,119,112,111,113,118,133,156,174,167,168,158,152,133,117,110,104,103,104,100,90,83,78,81,84,90,85,85,87,82,81,93,91,68,58,58
79,72,90,95,93,88,73,55,87,107,119,114,146,144,125,109,102,102,105,128,151,163,166,163,154,144,137,126,127,141,154,167,175,184,178,181,172,169,166,168,168,163,159,162,165,166,151,125,113,110,107,106,110,111,112,115,115,117,115,112,111,110,110,147,186,190,199,219,241,245,248,246,249,247,245,245,247,246,247,245,245,248,243,242,246,248,248,249,251,239,243,250,238,250,247,245,243,252,224,217,251,252,228,245,250,239,250,239,224,246,249,243,243,242,247,239,243,244,245,240,234,249,239,242,248,225,238,246,239,242,234,231,225,215,193,187,194,159,122,74,42,27,25,28,25,21,20,21,19,21,22,24,27,24,36,51,62,73,76,91,110,109,116,122,120,107,105,112,127,129,140,158,169,165,158,155,151,133,116,111,114,116,109,102,92,88,80,75,77,81,73,74,74,69,69,89,92,65,58,54
74,71,87,91,84,89,84,56,69,86,82,76,122,152,136,111,104,101,109,132,147,160,167,165,156,146,138,129,124,114,116,143,162,178,183,181,182,184,185,174,163,149,146,150,163,172,169,152,129,116,115,113,114,114,114,115,116,118,118,118,114,118,117,167,198,204,227,230,243,245,248,247,247,246,244,248,239,252,244,246,246,242,250,240,237,233,241,245,241,249,248,245,245,244,245,233,248,245,252,233,245,227,247,240,245,232,240,243,237,246,245,240,239,243,246,247,250,238,238,241,237,245,238,239,238,240,244,240,243,241,242,227,233,225,205,180,181,175,113,53,30,21,19,16,21,18,18,20,17,18,18,18,25,25,34,53,61,66,70,83,97,99,104,103,107,97,95,115,133,134,143,151,163,158,149,151,140,132,124,121,126,127,115,104,94,87,78,77,73,69,64,64,66,64,84,96,98,85,68,60
74,66,85,87,80,78,83,62,70,80,75,67,90,146,145,117,123,113,112,132,149,159,163,159,151,140,136,132,136,129,118,108,140,167,182,174,173,182,186,176,161,147,144,150,153,163,169,163,155,134,119,119,124,132,120,118,116,117,116,118,116,119,127,181,200,222,220,230,243,246,248,249,249,247,249,244,248,239,248,240,246,243,243,247,244,250,240,248,248,241,246,239,239,246,241,246,245,249,250,213,232,219,214,241,249,229,240,245,239,242,243,245,236,243,239,246,245,241,247,237,235,234,235,231,226,230,235,240,239,241,236,239,226,232,221,197,182,187,157,59,26,20,15,15,16,17,17,19,17,17,17,15,18,25,31,42,58,62,60,69,73,82,87,94,95,92,102,117,131,132,128,137,141,132,122,119,126,134,135,130,128,128,119,106,97,89,82,80,80,71,65,63,66,79,91,113,117,96,83,79
71,69,77,85,75,80,79,65,72,79,78,75,80,134,135,116,115,115,118,132,146,155,153,149,144,139,141,141,147,147,130,108,110,148,166,158,145,162,164,161,155,151,157,159,150,145,154,160,160,152,133,130,139,148,149,144,128,118,119,121,123,122,137,188,209,218,220,241,242,245,247,246,244,247,245,245,239,248,235,228,238,244,240,245,243,245,245,236,223,244,239,241,234,252,238,239,230,221,248,224,240,240,249,251,217,254,241,253,243,245,240,245,237,249,232,240,239,241,248,230,233,245,240,230,223,234,230,234,233,237,239,230,234,233,226,204,194,190,156,72,19,22,17,14,15,15,16,18,17,17,17,17,16,20,24,36,45,56,53,56,64,72,80,100,97,99,106,118,120,117,109,107,104,99,96,98,107,118,127,120,120,111,104,107,106,97,83,81,81,74,65,70,79,87,97,116,119,114,106,108
73,76,76,83,80,75,78,69,69,71,73,67,77,109,101,104,106,112,121,128,146,153,143,142,143,135,132,142,150,145,124,114,102,120,152,148,137,147,148,151,150,154,161,165,147,132,118,141,152,153,141,131,141,144,154,154,145,130,129,124,124,133,156,199,213,217,234,238,244,249,248,244,243,247,244,247,245,247,243,236,236,240,243,248,246,244,238,244,250,253,240,247,254,244,229,247,243,216,199,229,249,244,246,234,241,227,225,246,249,235,246,245,238,235,241,250,244,235,234,230,248,245,239,236,244,239,243,242,229,235,234,236,228,232,229,207,192,203,180,62,21,19,17,16,16,16,18,21,21,18,16,16,17,18,20,32,42,47,48,45,53,73,95,106,105,107,109,116,110,109,94,83,68,65,67,71,82,95,96,88,83,78,81,93,98,87,78,67,65,63,68,81,88,85,100,113,123,122,128,139
69,79,78,86,75,73,87,85,75,70,69,69,87,106,91,101,104,119,128,126,136,149,145,138,135,127,120,132,139,134,118,112,105,113,140,144,139,144,148,140,135,150,163,163,147,131,113,114,131,143,135,134,121,122,146,147,138,126,123,128,124,140,168,206,211,228,243,241,248,246,247,248,248,246,247,240,243,245,243,227,253,246,244,235,236,241,244,233,241,249,249,243,239,236,251,239,212,233,196,221,244,239,220,240,214,220,221,242,235,243,236,241,240,245,226,226,240,242,236,244,225,239,234,236,239,241,245,239,241,231,236,233,235,227,236,222,210,199,186,102,40,24,16,20,17,18,18,23,21,21,16,18,18,19,19,30,40,44,44,48,63,78,107,109,104,106,102,103,96,102,101,80,62,69,67,63,60,65,65,60,59,51,57,68,72,70,61,58,66,67,72,83,85,88,114,126,126,130,135,146
70,74,78,91,79,72,88,94,74,72,74,76,115,129,100,104,113,121,135,130,137,145,147,140,130,116,112,116,121,118,116,118,120,116,132,138,134,137,141,137,133,138,150,154,147,134,112,103,111,126,134,129,113,103,110,117,115,112,112,112,115,132,164,215,218,230,239,244,248,248,248,246,249,244,236,230,240,228,245,236,252,249,236,239,237,238,242,246,237,233,238,235,236,252,232,237,242,240,229,251,223,221,229,232,211,233,220,236,230,243,230,238,248,233,235,229,239,239,241,242,230,233,236,231,224,214,226,242,241,232,238,235,233,236,230,231,209,200,193,131,39,20,20,17,19,19,21,22,23,23,22,22,21,21,22,32,36,44,49,54,62,82,101,105,99,92,86,81,80,92,100,89,72,72,68,65,63,60,58,54,53,53,51,50,48,54,58,71,80,86,87,86,85,94,146,152,134,137,138,138
67,67,78,88,78,72,89,93,77,78,71,71,107,130,104,112,120,117,133,136,138,139,137,142,127,118,116,116,112,116,120,136,144,139,139,134,124,131,133,133,128,129,138,145,145,129,114,111,116,122,134,131,118,106,110,109,108,103,98,100,110,137,196,218,226,229,237,246,248,247,246,246,246,244,242,240,238,247,215,240,222,235,242,239,228,239,240,242,248,247,241,240,240,238,231,242,227,252,242,198,231,246,216,238,215,229,229,232,225,233,253,233,243,244,244,235,236,237,236,227,238,245,238,238,228,221,228,233,239,234,238,239,235,232,228,228,222,210,200,168,62,23,20,19,19,21,21,23,23,22,20,23,23,22,22,30,39,45,52,54,61,78,89,94,89,76,72,69,67,85,96,92,80,75,71,67,66,67,63,62,59,57,51,53,55,64,75,90,99,103,99,91,85,105,149,158,138,148,155,132
74,63,75,80,75,66,77,89,85,77,70,62,87,128,123,124,131,116,122,139,138,127,130,140,129,125,121,108,109,116,128,146,151,152,148,143,137,126,135,145,130,122,139,149,138,126,123,125,124,126,139,138,127,121,115,112,124,122,122,113,129,153,210,223,226,235,243,246,247,246,245,239,240,245,239,238,236,238,241,234,238,232,234,241,241,245,243,241,237,243,241,236,240,247,246,244,217,242,229,232,212,216,237,221,217,224,249,231,217,248,233,236,222,254,240,235,242,221,229,234,222,235,226,219,238,228,226,227,240,244,237,241,237,234,228,225,222,205,209,168,48,29,19,20,17,19,20,23,24,26,21,21,21,20,20,29,39,49,55,58,58,69,81,91,79,72,61,60,63,81,93,89,78,72,74,71,69,70,69,65,58,56,54,66,84,91,95,104,106,105,97,90,82,95,130,136,119,146,159,151
72,68,71,77,78,64,71,85,78,75,66,55,87,150,145,121,133,119,120,136,133,124,126,138,134,130,120,111,107,110,135,150,147,149,146,153,152,147,153,153,143,129,145,151,138,130,133,133,130,134,140,137,134,134,128,123,128,140,146,146,158,189,215,224,232,236,243,246,245,247,246,245,234,243,245,235,232,239,231,230,222,225,229,237,237,235,240,240,237,225,245,238,225,233,234,199,241,227,236,232,210,223,221,240,219,215,213,244,226,214,218,248,239,242,228,232,226,245,245,236,214,236,204,236,220,223,215,229,237,241,240,242,236,236,234,228,225,210,208,177,117,25,22,17,15,19,21,23,23,27,21,22,23,20,21,32,39,51,56,58,61,68,72,86,91,82,66,59,61,74,84,81,76,74,73,68,68,67,64,59,54,55,66,92,105,105,100,103,102,104,93,78,73,79,90,90,90,113,154,162
68,61,65,78,77,67,70,81,70,58,55,55,77,140,147,122,137,123,111,124,120,122,125,138,135,130,124,115,124,129,144,159,154,137,155,163,171,173,166,161,147,141,151,151,141,134,139,137,130,134,140,144,149,149,143,137,140,151,154,150,149,208,217,227,233,240,245,247,247,244,246,243,246,237,239,244,246,239,235,236,242,223,229,235,228,219,238,234,241,243,232,231,219,231,221,245,216,229,220,234,210,204,216,216,221,197,228,242,216,230,241,232,227,229,217,228,236,225,233,226,250,237,246,238,235,225,232,229,239,231,236,239,237,244,234,232,222,208,203,182,111,26,24,17,15,17,21,26,27,25,20,19,18,19,20,32,42,55,57,57,60,69,82,94,105,106,93,71,58,62,68,70,66,72,72,66,66,63,58,51,55,63,85,102,104,106,94,91,95,98,91,79,73,68,71,67,79,95,137,163
56,54,54,71,69,66,65,79,73,45,52,51,55,120,138,122,129,104,98,109,113,112,122,141,140,124,118,121,134,137,157,169,166,154,158,169,188,193,173,160,153,148,149,149,135,135,143,137,132,136,150,151,154,158,161,150,146,149,150,157,166,202,222,230,233,241,245,247,240,244,244,243,240,243,230,224,222,246,225,242,242,239,228,227,243,236,210,224,230,232,231,236,241,236,243,236,241,240,218,238,215,246,235,188,240,213,200,236,235,244,244,234,215,248,229,226,222,223,246,243,234,229,217,234,246,216,213,226,226,239,244,234,239,237,234,235,223,214,202,206,175,48,25,18,17,17,19,25,24,23,19,20,17,18,18,32,41,58,63,61,57,71,83,95,114,117,112,85,69,56,56,61,66,67,67,64,62,59,53,53,61,71,86,93,93,82,79,82,92,99,97,84,73,72,64,59,74,89,134,157
57,52,55,67,66,64,65,77,77,51,52,53,47,99,135,119,109,95,95,101,104,105,117,136,132,114,110,113,123,137,150,170,165,150,153,173,190,190,170,154,145,142,146,143,128,133,142,137,135,145,156,157,160,159,164,156,151,147,148,158,170,211,226,227,236,246,245,246,246,244,245,246,241,236,243,234,235,240,228,242,238,227,240,227,227,213,219,219,210,219,237,228,237,241,234,228,223,239,250,201,219,203,227,219,174,232,212,208,235,244,216,219,225,192,219,217,215,220,220,220,223,230,225,212,248,229,236,226,214,227,234,236,239,238,236,224,215,219,210,208,161,32,45,18,17,19,20,22,21,22,16,17,19,18,18,29,42,57,59,59,53,76,94,102,110,119,118,100,71,65,62,58,61,64,62,64,64,57,60,65,68,74,80,77,62,60,69,80,90,102,103,93,85,74,66,61,72,91,116,144
60,53,52,69,65,57,59,71,83,67,57,54,59,100,114,103,96,93,85,85,87,95,102,118,115,109,113,108,113,123,148,161,162,149,153,172,182,182,162,156,143,144,151,138,128,132,142,151,149,147,158,157,155,158,166,159,154,153,154,162,189,215,227,233,240,248,243,246,246,250,247,221,240,236,233,235,234,241,240,223,246,227,227,219,214,187,155,29,102,219,235,218,216,239,219,213,229,236,216,214,236,228,213,185,208,222,220,233,252,240,210,218,214,208,179,216,211,216,215,229,206,231,222,213,233,243,230,246,230,232,221,244,233,237,242,237,232,219,204,207,181,63,28,20,20,19,22,22,16,18,16,17,20,18,17,27,39,59,59,61,60,76,100,111,108,111,112,96,78,68,69,63,59,58,58,60,65,65,64,74,77,73,69,62,53,52,65,79,93,100,100,98,89,85,75,65,78,87,103,119
58,52,47,63,65,55,61,68,75,75,63,59,73,98,99,85,77,86,75,64,69,68,76,94,101,109,116,107,106,118,140,152,155,162,167,177,172,166,163,154,139,138,139,136,130,137,149,158,160,154,155,155,148,154,150,155,167,165,157,161,190,224,230,238,238,241,250,245,236,241,244,249,242,231,240,240,225,233,235,223,224,222,234,209,71,57,26,8,13,83,215,236,228,241,228,189,250,233,234,220,206,181,238,247,197,237,201,211,238,232,221,239,190,140,112,108,174,215,218,218,230,209,235,232,224,217,225,235,194,224,228,231,226,230,236,236,226,228,213,212,197,88,34,23,24,24,23,21,18,18,13,16,17,22,20,26,38,51,61,63,61,77,99,109,101,97,92,81,73,73,78,69,62,59,56,58,61,68,82,87,78,70,68,59,50,50,66,88,93,101,105,103,92,88,82,78,74,88,78,100
63,55,46,58,61,56,56,66,68,78,61,53,70,101,99,107,100,105,101,100,98,91,70,83,98,108,115,108,104,118,133,150,164,174,173,173,167,158,153,145,136,128,129,127,135,150,160,169,176,163,155,147,149,152,149,153,160,163,157,182,204,222,234,239,240,242,243,246,240,236,218,214,246,238,240,240,225,229,218,223,220,209,202,70,38,24,11,12,15,18,126,197,221,220,244,251,246,209,205,233,230,214,209,221,238,238,203,235,200,228,212,189,179,69,10,19,34,131,193,208,211,212,208,207,216,221,230,230,237,227,235,238,236,241,241,239,227,227,209,209,202,86,29,27,27,26,25,20,19,15,14,17,20,22,22,30,35,50,60,64,61,67,87,96,92,83,79,70,62,74,79,75,68,65,60,62,70,78,88,85,66,63,63,56,48,61,79,96,95,94,105,104,92,89,90,83,79,82,76,81
65,56,52,59,64,58,56,60,64,78,56,52,70,99,112,123,115,120,131,131,129,120,96,87,94,100,105,102,105,122,146,157,169,183,185,174,163,150,141,134,126,127,127,129,145,154,159,167,173,168,162,149,146,145,148,152,160,157,159,175,218,236,238,239,243,242,247,242,243,239,244,239,237,239,217,235,237,229,226,219,198,180,104,34,27,32,19,16,15,19,123,191,182,215,174,221,204,213,231,212,233,207,222,174,202,216,220,214,221,224,221,189,53,10,9,8,10,49,91,167,205,208,212,204,240,209,212,241,244,226,238,243,242,226,248,240,241,234,217,206,202,131,32,28,30,25,27,21,17,17,17,18,22,25,26,31,38,49,58,63,62,59,62,77,75,65,61,57,59,71,76,75,71,68,66,62,66,75,78,73,59,55,54,50,56,66,93,100,92,92,112,108,93,91,93,85,73,79,77,76
55,54,50,61,61,58,52,57,65,72,58,56,61,89,113,123,110,110,127,137,134,124,100,90,89,92,101,98,104,127,152,162,164,179,190,179,158,145,136,128,129,126,127,140,154,157,156,167,176,173,156,145,142,143,147,153,157,158,160,191,217,233,241,238,247,239,241,241,238,245,237,234,240,224,234,241,190,220,216,225,212,185,45,38,19,23,17,11,14,17,84,102,114,223,224,226,225,241,242,200,234,233,217,233,236,191,184,227,211,229,200,171,6,14,16,15,18,30,29,38,203,198,190,221,219,232,233,240,227,235,237,235,243,240,239,239,242,231,222,214,202,160,47,26,28,26,25,21,20,21,20,19,24,25,26,29,42,50,56,62,65,60,57,64,59,61,57,54,55,59,75,78,74,73,62,56,55,60,57,54,49,51,56,54,59,73,100,108,94,89,107,113,105,99,92,88,73,73,76,77
53,51,50,58,58,59,54,62,60,69,60,59,56,78,104,108,99,106,121,133,125,115,98,88,88,88,100,95,102,124,148,160,165,188,197,185,161,144,134,129,122,125,130,144,155,150,157,175,177,171,158,148,147,147,156,160,157,155,164,190,225,234,238,238,242,240,235,235,232,229,233,227,233,233,223,231,240,216,226,220,178,66,38,31,26,27,39,24,4,21,79,25,125,211,223,247,246,191,245,214,218,218,229,181,218,206,233,202,245,211,185,142,11,14,14,20,20,23,29,58,172,196,215,223,234,224,231,225,238,236,243,241,237,242,238,236,239,230,227,217,204,174,32,29,28,27,24,24,20,22,22,22,25,27,24,28,34,44,52,60,68,63,64,57,55,53,52,52,57,63,68,70,73,65,58,53,51,45,43,45,47,53,57,64,62,81,101,106,92,96,114,127,120,109,99,86,77,80,79,76
53,52,48,56,55,61,56,55,57,63,63,60,57,69,93,101,99,109,124,131,124,110,92,85,80,91,104,104,100,124,149,154,165,189,201,189,167,143,131,124,118,124,137,151,159,160,169,185,179,160,153,146,146,150,161,161,157,155,170,195,222,237,237,237,235,230,234,226,231,236,237,232,219,216,243,195,216,245,180,115,63,33,46,18,37,7,37,18,27,10,34,18,176,176,240,216,230,221,221,206,246,221,217,197,241,229,214,190,199,179,196,62,13,9,8,25,21,18,18,20,94,178,195,202,217,228,224,217,231,232,235,231,242,229,212,227,233,220,218,215,211,135,65,34,28,27,26,24,22,26,25,25,27,25,23,23,30,41,49,60,68,65,62,59,54,54,52,55,56,57,64,63,62,55,53,55,53,53,47,44,49,54,64,71,76,91,101,99,96,86,103,119,118,109,97,87,77,85,82,75
53,53,46,51,51,55,49,53,55,57,62,61,53,65,90,108,109,109,128,135,127,114,97,84,82,91,105,107,104,119,143,151,165,190,198,187,166,144,131,123,120,139,153,162,171,174,178,185,180,155,143,144,149,155,160,161,159,157,184,204,226,236,233,236,235,228,209,194,205,215,219,217,217,184,202,209,194,124,85,99,26,29,26,16,97,63,19,29,9,25,18,23,139,166,217,126,178,205,191,194,246,217,227,241,222,223,188,167,236,226,177,16,7,4,20,19,27,22,16,20,24,61,155,186,201,222,234,234,243,239,246,222,215,229,217,208,237,222,223,217,205,178,34,24,28,25,26,25,23,27,23,27,30,26,21,22,28,38,49,57,66,67,63,57,53,52,48,52,55,56,53,56,53,52,55,61,62,57,53,47,48,55,66,76,87,96,91,85,76,81,92,100,99,87,87,86,85,87,87,76
50,50,48,49,53,51,43,47,54,59,62,61,56,60,88,111,112,109,125,126,121,116,107,90,90,98,106,113,114,124,138,152,167,195,202,190,166,141,133,129,139,146,154,166,178,183,183,180,172,144,137,143,153,163,165,164,160,171,182,211,231,236,230,236,234,234,218,205,230,215,220,223,213,222,214,200,180,137,115,27,18,28,17,66,55,22,42,28,30,6,69,22,193,161,217,248,234,190,186,235,231,224,190,211,225,175,182,186,181,138,64,16,0,19,11,50,12,19,21,18,19,25,56,64,189,190,232,247,236,230,235,221,227,219,204,217,224,223,223,218,208,195,78,31,26,26,24,24,23,26,26,29,26,25,19,20,29,39,56,67,67,62,63,60,58,53,52,56,59,61,62,66,72,69,64,68,63,56,51,52,50,55,70,86,97,86,80,65,62,68,77,77,65,68,76,85,94,88,88,82
52,55,55,53,53,54,44,45,53,55,56,60,56,62,86,108,112,111,121,120,112,112,103,96,97,99,103,116,123,126,138,150,171,199,207,187,155,134,135,138,144,145,148,153,165,168,168,170,163,144,137,143,156,161,166,164,160,166,183,227,233,235,228,229,221,229,231,215,241,227,218,222,218,211,208,152,96,61,27,9,19,23,11,23,29,62,66,43,12,55,48,34,61,174,215,207,119,192,183,242,237,198,235,175,200,210,214,192,185,36,80,28,11,1,27,27,30,88,7,15,16,15,34,63,191,201,226,214,213,239,229,231,217,214,214,221,225,235,223,208,205,190,108,30,30,28,26,27,25,29,27,27,25,27,22,20,29,41,61,71,72,60,60,57,57,53,60,60,62,65,74,85,86,76,68,62,52,49,44,44,50,58,72,90,89,75,63,56,61,70,76,68,63,63,73,89,90,93,89,90
54,60,61,57,60,54,49,45,44,54,57,60,62,69,91,117,116,112,119,115,114,108,107,101,102,104,108,113,116,126,137,166,177,196,198,181,149,131,135,145,150,138,139,140,142,143,144,152,142,134,132,145,151,163,163,159,156,158,163,227,234,227,231,229,229,226,216,206,213,206,203,228,201,209,154,76,51,19,24,21,29,28,15,19,18,18,23,31,42,74,32,22,176,210,222,232,243,234,195,156,226,227,227,218,222,225,215,233,176,143,3,44,34,21,17,20,14,42,18,10,9,15,8,64,131,185,226,210,207,221,197,203,226,215,220,221,216,211,214,209,210,201,120,34,28,29,29,30,29,26,28,27,23,26,23,24,31,43,70,75,70,60,53,51,54,55,60,62,65,65,70,80,81,70,59,50,49,44,40,45,50,58,77,88,71,56,52,61,65,69,69,66,65,74,85,92,94,92,93,95
54,60,61,59,53,57,54,47,49,52,64,67,71,91,98,108,118,110,114,111,112,108,107,109,106,108,107,111,116,124,140,166,179,185,183,170,151,145,145,145,143,143,140,137,138,133,132,129,131,131,125,132,135,144,148,142,136,140,189,213,222,232,226,231,230,229,226,206,216,236,215,232,224,170,181,97,25,25,61,20,24,25,26,22,27,26,26,28,37,42,124,202,221,246,252,229,241,217,255,240,202,236,255,229,210,204,211,234,194,168,133,29,66,45,59,83,41,12,8,8,12,12,9,27,86,168,211,201,184,217,221,193,188,208,192,208,223,207,211,206,220,198,96,38,33,31,33,31,28,30,24,25,22,22,22,24,31,43,65,71,68,52,49,48,46,53,55,58,57,55,57,63,62,51,43,44,44,42,43,48,52,61,67,69,56,45,59,71,74,74,75,70,77,99,96,92,84,88,95,96
56,56,61,59,58,62,56,51,52,49,63,69,94,115,111,105,106,103,110,107,109,110,110,109,108,112,110,110,127,148,155,164,170,173,171,162,153,147,148,147,145,146,141,152,152,150,138,132,132,123,118,114,129,138,131,118,117,114,184,209,221,228,227,226,217,203,207,204,212,194,217,204,186,175,161,86,30,24,20,28,30,28,31,27,34,37,43,45,34,185,244,248,238,245,248,245,241,234,222,237,244,219,246,226,218,210,247,243,235,170,173,64,33,30,14,25,16,16,16,11,14,10,13,14,64,123,180,191,182,203,189,195,197,209,202,211,210,216,209,209,202,209,148,48,31,32,31,32,32,25,27,25,19,20,19,23,29,38,54,58,56,44,46,44,44,42,48,47,46,42,44,42,37,38,41,40,45,47,50,55,59,57,59,62,49,48,64,75,77,76,80,81,100,110,106,92,81,87,100,93
57,54,53,55,57,64,62,59,56,42,47,71,105,123,112,90,99,107,114,107,104,112,115,105,103,117,109,110,137,153,159,164,168,165,159,154,142,143,154,158,154,149,150,161,166,166,143,133,125,119,103,105,113,117,120,111,112,118,167,199,215,229,227,218,211,206,197,208,213,194,214,208,185,144,117,52,31,15,24,32,22,27,39,49,43,46,65,45,205,236,248,246,240,239,253,240,235,231,238,239,221,255,251,252,235,245,239,216,227,227,234,145,41,39,32,26,22,19,19,17,19,9,9,20,22,137,152,167,166,187,200,191,220,206,225,224,212,205,205,215,207,200,151,45,32,32,30,27,24,27,26,24,21,20,20,24,28,36,42,46,41,43,41,41,39,37,35,38,41,40,39,39,37,36,38,40,44,51,56,57,62,58,62,64,56,58,68,80,82,83,79,98,108,118,114,99,87,87,95,96
71,65,61,63,75,78,83,81,73,61,57,87,111,116,97,73,81,115,117,103,99,103,107,105,105,108,113,118,141,156,160,163,169,164,143,133,124,124,141,157,155,155,146,155,164,161,150,144,131,120,112,104,107,105,107,115,126,117,163,208,220,228,227,216,207,206,202,205,181,193,233,203,185,179,140,59,29,23,32,29,39,36,48,42,50,45,56,138,241,240,245,243,252,246,247,250,251,250,236,235,254,235,233,250,231,254,246,250,232,241,251,245,165,52,46,39,30,27,26,25,34,24,1,19,57,151,155,182,187,220,227,186,197,202,194,198,210,210,203,211,207,207,151,40,36,33,29,24,24,23,26,23,23,19,20,27,33,36,33,37,38,37,37,38,35,32,33,33,32,34,36,37,34,35,34,38,47,52,57,63,59,58,61,76,75,65,71,82,90,90,92,101,104,110,115,116,104,101,101,100
72,78,75,72,71,73,85,90,84,75,75,87,109,109,88,65,75,113,116,107,111,101,100,99,101,109,117,128,146,152,154,162,162,145,128,117,113,120,122,148,157,152,142,145,144,147,148,145,147,144,134,115,98,93,100,120,137,139,180,213,224,232,223,208,203,218,205,192,182,198,207,205,192,141,159,67,23,21,30,31,36,45,43,35,56,40,68,234,245,248,252,252,249,251,247,254,241,252,249,239,242,236,252,243,255,236,252,245,240,254,250,240,207,51,42,42,38,29,30,22,21,13,17,18,43,107,169,174,155,193,228,173,179,181,190,191,203,209,207,205,204,205,144,48,33,31,31,28,26,24,28,27,24,23,23,34,38,34,29,31,36,36,36,35,32,29,28,30,27,30,33,35,34,35,33,40,52,58,59,58,57,53,66,83,83,76,75,87,95,96,99,96,94,95,106,111,113,108,98,98
70,79,74,66,68,50,51,65,72,67,67,76,91,106,98,70,77,122,120,112,119,110,105,103,105,108,117,128,148,151,147,151,158,142,116,112,122,116,116,131,145,152,142,134,132,129,138,147,150,148,138,119,103,93,100,120,135,139,161,216,225,224,214,210,194,206,194,181,169,203,198,221,213,190,174,97,37,29,31,26,29,28,32,39,31,61,210,243,251,246,238,238,253,245,252,249,254,255,243,246,249,230,225,243,250,247,249,240,234,247,243,232,226,119,38,39,37,25,19,27,24,26,14,30,60,124,136,180,182,178,178,207,160,169,197,207,192,207,207,209,202,206,163,73,35,32,31,29,26,27,24,27,27,22,28,42,44,36,27,33,40,40,38,36,30,29,29,28,27,28,29,30,31,34,32,38,50,58,58,56,61,57,67,86,88,82,83,91,93,97,97,93,85,81,88,95,103,100,88,92
66,65,59,58,72,67,54,63,67,58,56,59,66,87,97,81,85,120,130,114,109,110,107,105,106,114,121,135,140,144,139,155,168,155,132,133,136,130,118,126,149,154,149,134,120,111,116,124,136,134,121,100,97,99,101,109,124,139,186,211,226,215,213,211,197,199,189,175,190,190,193,205,193,179,159,75,48,28,27,19,15,31,32,31,51,207,245,246,246,245,249,236,239,250,253,249,252,246,242,229,242,237,219,236,253,250,241,246,253,244,249,254,231,213,153,31,36,49,31,17,5,24,19,35,56,106,148,178,168,189,166,202,160,169,167,190,201,211,194,201,209,207,198,96,36,33,28,29,25,29,24,27,24,26,41,52,53,35,23,31,39,44,45,42,39,32,31,30,31,28,27,26,27,32,37,46,56,58,60,60,63,64,70,88,90,85,92,102,90,92,90,83,78,74,74,76,84,83,79,78
59,60,55,56,66,71,76,67,69,63,55,57,54,69,81,77,85,125,126,111,105,107,109,106,109,117,130,135,140,144,146,162,166,154,144,141,136,125,118,123,148,159,155,142,119,110,110,112,110,102,98,98,95,90,95,100,114,133,162,203,208,219,217,202,194,182,184,175,204,208,177,212,211,176,143,124,103,37,24,21,18,21,33,34,72,234,249,246,249,247,248,249,245,248,251,248,240,249,230,215,248,247,248,236,250,248,254,242,252,235,248,243,238,240,210,42,33,31,28,28,24,20,17,30,68,117,144,155,138,158,170,170,165,155,187,194,183,210,205,202,206,208,182,65,35,34,32,28,30,28,30,29,29,34,49,54,51,37,25,31,49,52,51,49,43,39,36,34,28,28,26,26,28,30,39,50,56,57,57,60,65,64,78,87,90,86,102,103,93,90,93,82,78,75,78,72,72,74,75,69
48,52,62,65,63,70,71,65,62,59,57,60,62,64,61,59,86,116,130,114,108,111,117,117,121,127,128,128,130,148,152,154,151,144,137,137,131,115,107,109,130,144,147,148,142,120,114,114,104,107,105,94,85,89,96,108,119,130,145,156,215,216,213,207,198,180,177,196,191,186,169,193,175,162,163,135,111,71,26,14,23,37,31,62,230,240,242,240,249,245,242,253,247,250,244,248,248,220,241,239,233,223,244,239,236,248,246,246,246,250,239,249,248,236,254,42,22,26,34,26,28,18,11,32,109,105,138,128,162,148,153,165,165,179,182,206,193,191,200,203,206,204,198,138,40,34,30,28,28,30,32,29,29,40,50,56,51,34,29,40,48,51,51,49,46,44,43,43,36,34,30,28,32,37,44,52,55,56,57,62,65,63,75,89,90,82,109,108,92,87,89,83,80,76,75,71,66,70,72,70
43,50,56,68,71,65,60,58,68,65,57,55,57,66,62,58,82,131,126,114,106,115,124,120,115,127,130,118,125,140,141,128,112,103,116,117,110,106,102,104,112,111,127,146,160,148,138,134,129,130,125,118,102,91,95,119,112,104,137,199,212,217,213,204,192,181,147,170,188,187,149,162,169,172,151,124,120,81,38,31,27,27,57,177,236,240,236,249,227,245,247,247,254,243,245,242,246,245,245,230,222,204,250,254,223,241,243,245,244,253,234,252,241,245,240,62,28,14,33,25,17,14,17,24,97,141,193,169,173,159,142,130,175,176,156,186,198,193,208,193,197,209,201,139,45,37,34,31,31,35,33,32,34,40,46,51,46,33,31,42,47,49,50,46,48,44,46,50,45,39,36,32,32,42,48,51,52,59,61,62,60,65,68,76,70,88,104,105,88,89,87,86,82,76,72,72,72,71,74,67
52,50,49,57,62,58,59,59,66,67,63,56,62,64,65,68,95,133,132,109,111,115,122,120,115,124,139,133,122,137,117,94,88,92,95,101,101,104,103,106,98,93,94,126,152,156,158,159,155,154,153,137,120,95,99,109,116,112,108,139,216,208,205,192,185,155,172,183,164,186,182,190,184,188,171,146,155,92,107,39,56,95,93,228,231,241,245,250,243,245,236,249,243,232,247,250,246,250,246,237,238,254,240,239,219,240,235,235,244,245,237,249,241,236,236,144,19,30,15,15,21,18,33,74,161,159,154,176,131,150,148,146,163,161,182,168,186,192,202,199,201,205,210,166,98,38,32,32,34,35,33,31,33,33,42,45,39,35,36,42,49,44,41,41,45,44,49,48,47,44,39,34,37,41,48,51,54,57,59,61,64,65,55,59,76,97,104,99,88,85,84,84,82,80,74,72,68,71,74,71
61,58,55,58,58,66,70,65,70,64,62,60,59,61,62,72,108,145,138,120,122,124,120,120,112,113,141,148,148,142,118,100,107,107,103,96,89,91,94,98,94,80,76,91,125,140,146,157,166,168,166,156,128,107,104,120,130,133,127,162,201,211,200,194,189,173,174,172,180,184,176,164,203,166,170,153,132,137,139,143,141,148,185,222,237,246,241,246,243,243,242,243,252,248,245,248,241,246,246,251,245,235,247,250,253,246,243,247,233,246,236,250,226,249,233,233,135,17,21,30,14,16,35,63,127,140,144,132,153,146,159,173,172,187,179,175,192,189,197,193,195,204,205,170,71,40,37,31,33,34,31,30,31,32,37,41,41,37,36,40,42,42,34,36,40,43,48,47,48,41,39,32,31,41,45,49,52,56,58,63,67,64,56,57,76,96,106,95,93,86,84,78,77,79,80,77,74,72,73,74
61,62,62,69,68,70,78,72,64,55,56,62,64,61,62,83,120,143,137,126,132,137,131,128,110,105,129,151,157,154,137,125,123,119,114,108,104,98,89,89,87,83,69,65,76,94,107,128,144,159,164,158,134,110,109,119,134,134,134,164,212,206,207,204,180,162,193,197,175,160,168,168,172,169,163,152,139,142,135,159,175,180,205,224,236,235,241,240,243,241,246,248,249,250,248,248,233,229,239,231,229,226,243,230,232,245,249,242,252,238,241,246,239,240,245,222,147,72,8,22,36,88,117,114,140,182,153,161,169,154,146,167,155,166,177,174,191,200,187,179,191,202,208,197,128,42,34,32,33,31,29,30,32,34,33,40,41,37,35,37,37,34,28,30,35,43,47,49,49,44,39,35,33,36,43,43,53,58,65,67,73,71,64,61,82,95,95,95,96,90,81,73,73,76,76,78,75,70,74,78
58,62,68,72,70,68,75,69,60,46,53,56,64,60,60,98,131,136,135,145,150,151,139,133,120,108,116,139,159,165,147,134,129,119,113,117,120,103,88,89,96,90,76,65,62,71,67,80,104,124,143,151,145,122,101,111,121,129,128,146,186,205,201,203,184,181,166,176,174,161,172,121,139,134,180,135,124,138,143,171,195,211,222,222,240,243,239,246,242,247,238,248,248,243,249,239,223,242,207,216,219,240,227,244,233,245,244,247,246,240,224,240,237,238,234,219,204,170,76,62,122,116,141,141,142,138,138,167,147,158,157,151,137,171,182,181,182,185,170,175,183,201,201,197,113,51,31,35,34,31,30,35,38,36,34,36,37,38,31,35,32,31,27,28,34,45,54,55,55,48,44,38,39,42,44,50,54,62,71,76,76,76,70,63,67,67,72,83,88,86,83,68,70,68,68,74,66,69,70,79
57,59,64,72,77,67,65,69,58,45,46,49,56,60,66,99,138,140,144,161,163,146,133,125,122,116,114,125,151,154,146,127,121,115,115,115,120,105,97,100,103,101,87,72,65,70,73,71,62,76,101,133,148,129,100,93,104,108,103,147,187,205,200,202,197,195,180,165,137,176,151,146,177,140,137,142,143,133,135,154,175,216,224,227,229,234,239,245,241,240,244,246,242,238,241,218,233,241,226,239,213,231,197,246,248,236,244,244,240,246,247,240,249,241,235,212,165,193,158,127,141,133,121,141,141,146,137,131,119,136,147,142,147,158,176,196,196,198,184,176,165,187,202,184,97,45,34,35,36,34,38,39,38,34,32,30,33,34,30,30,32,31,30,32,43,51,57,59,61,54,49,45,45,47,50,55,62,66,73,76,74,73,69,63,53,56,61,72,80,85,80,74,70,63,62,64,63,61,67,71
55,57,68,74,73,68,63,64,57,50,46,50,53,60,65,95,138,139,144,167,163,143,123,122,121,111,111,121,145,146,130,121,115,110,111,111,111,102,102,109,108,103,99,87,79,75,80,77,75,70,74,102,137,136,116,95,100,102,120,154,188,193,195,199,193,193,187,164,162,148,143,137,125,157,125,118,143,140,152,160,204,211,222,233,226,224,235,244,236,245,246,245,238,241,240,223,218,236,234,225,215,196,175,232,226,245,239,240,248,241,250,246,242,238,238,232,215,190,169,153,137,143,156,158,149,138,137,136,124,139,140,124,145,164,179,178,184,184,167,165,191,203,201,196,108,39,40,38,36,39,43,41,39,31,30,31,33,33,31,34,36,35,31,35,44,54,59,61,64,63,56,51,54,55,62,61,61,69,67,70,68,68,64,60,56,58,64,71,76,84,83,76,71,67,65,68,69,68,66,68
55,57,67,68,67,66,62,56,54,50,54,56,52,57,63,85,131,149,150,162,159,140,130,126,126,117,112,126,138,133,125,120,111,108,104,114,110,106,108,112,111,107,104,90,90,90,91,84,83,73,72,85,109,118,107,100,99,104,121,164,193,197,188,193,179,200,179,163,151,134,137,153,144,140,146,128,128,151,150,153,186,207,217,223,230,229,235,232,250,239,241,231,228,225,227,233,205,186,202,200,179,218,224,212,228,238,237,223,240,247,241,236,232,235,230,233,218,212,181,174,156,144,154,138,119,140,147,142,149,137,134,168,176,171,178,190,193,164,170,168,177,198,209,207,78,43,38,42,43,45,44,40,35,25,31,32,34,32,34,37,37,38,35,38,43,51,55,60,63,67,63,61,58,64,64,62,64,62,63,61,62,63,61,61,57,56,62,69,75,81,79,80,77,70,70,70,75,81,77,69
55,58,67,69,67,66,60,50,49,49,52,56,57,56,58,70,116,148,157,164,161,153,145,147,138,122,113,118,122,117,112,114,111,104,106,110,115,110,103,112,109,108,100,92,90,90,91,79,74,66,72,78,91,97,92,96,100,100,142,196,204,185,189,189,185,180,175,161,155,146,152,156,147,122,157,156,133,143,147,146,184,187,190,212,217,222,235,231,222,231,232,94,209,195,142,184,196,176,179,139,167,197,204,193,224,226,202,235,230,244,250,244,227,232,228,213,215,209,197,183,138,146,148,151,143,129,119,132,139,151,152,156,160,171,183,189,179,135,161,170,182,189,208,212,149,54,43,43,45,46,43,35,28,26,31,33,36,34,40,41,41,37,37,40,42,50,53,52,61,65,67,61,68,70,67,67,70,66,65,61,57,59,61,54,51,55,60,63,66,75,79,85,85,79,77,68,69,75,79,78
57,52,63,67,73,68,61,48,41,40,44,46,51,54,53,65,90,124,142,152,161,163,161,152,129,116,115,117,116,111,110,110,99,102,105,113,109,112,105,110,104,102,100,90,90,95,95,90,78,67,69,78,82,82,76,87,91,107,138,182,201,185,186,184,182,187,171,156,153,147,146,134,160,142,137,155,131,133,137,166,158,163,172,197,226,224,217,208,223,239,216,17,33,81,40,82,146,164,163,166,147,187,140,141,171,167,215,209,210,237,239,231,245,234,227,213,214,188,181,151,155,152,135,146,139,138,122,139,151,132,166,148,170,177,179,185,128,137,115,163,181,183,193,203,177,77,42,43,42,42,40,32,26,27,29,30,34,34,41,40,41,33,36,41,47,52,56,58,60,70,71,72,74,78,80,74,75,71,67,65,58,60,59,54,52,51,53,59,67,68,73,82,83,83,78,70,63,68,71,72
78,60,61,69,67,69,65,57,46,42,44,41,43,44,52,63,84,109,124,144,153,158,156,142,124,121,123,126,117,107,109,113,107,104,109,112,121,119,118,116,110,104,101,99,95,92,89,92,84,70,65,75,83,83,76,78,81,87,138,186,198,189,157,164,166,173,168,167,158,146,146,140,139,130,144,136,128,123,148,159,173,169,161,158,181,218,212,222,228,227,218,18,18,42,59,55,52,29,30,60,58,118,150,129,142,139,139,173,246,219,235,233,224,234,225,212,204,194,177,168,151,147,133,143,127,121,129,127,159,152,161,176,175,180,185,146,123,89,119,141,161,188,196,208,210,108,41,43,41,40,35,31,30,26,28,29,29,35,37,38,32,32,37,45,53,63,64,64,66,72,76,75,80,81,80,74,75,71,71,66,59,55,53,54,53,51,51,53,60,66,72,78,86,81,74,72,66,67,66,63
93,76,57,66,67,71,69,71,67,55,46,42,40,48,56,64,84,105,125,138,142,143,141,135,127,128,129,126,120,111,114,115,111,110,112,119,122,121,114,114,109,109,109,107,99,99,90,88,93,99,89,83,85,91,88,75,78,95,139,200,200,176,164,155,149,158,162,143,150,156,153,140,132,134,132,131,139,131,154,144,161,151,153,129,159,192,218,213,224,229,207,41,33,8,17,56,57,49,24,21,26,31,29,38,41,57,75,62,47,146,213,221,225,230,230,211,209,193,177,149,141,138,144,149,125,149,129,136,151,165,167,168,178,175,152,147,68,100,116,146,175,187,201,209,218,180,54,43,38,38,33,29,29,24,25,24,26,29,30,31,31,34,40,51,59,68,68,66,69,74,74,73,75,73,70,68,65,64,66,64,56,51,54,54,53,54,51,46,56,62,67,76,79,80,75,74,79,72,70,66
97,84,60,65,66,73,68,75,76,67,48,43,47,50,63,72,82,114,127,143,148,136,134,129,126,117,114,123,120,125,120,121,116,113,112,114,118,123,118,110,109,110,110,108,112,103,88,86,95,97,92,84,90,96,93,88,96,109,166,183,171,139,144,126,130,164,167,148,149,125,153,150,132,135,141,150,144,124,127,142,152,160,156,129,156,183,224,211,221,228,219,122,5,66,12,0,20,19,20,15,23,19,24,34,34,26,31,14,25,168,225,213,220,229,228,219,175,217,164,159,130,138,147,130,137,140,143,127,137,161,184,175,181,173,91,62,58,91,95,114,145,153,189,202,223,220,88,44,37,34,35,28,29,27,25,25,28,29,32,30,33,39,44,55,63,66,69,69,70,73,71,69,64,62,59,56,55,60,59,57,54,53,52,54,59,56,52,47,48,52,54,73,72,72,70,75,73,74,72,70
97,93,65,54,64,65,64,68,81,71,52,46,47,52,65,96,111,125,139,141,140,130,121,124,127,120,108,111,117,125,127,121,114,115,110,111,113,113,116,111,108,107,112,109,107,111,103,90,84,89,90,79,88,101,106,105,109,146,159,174,150,144,119,111,85,99,129,160,145,126,146,144,153,126,133,132,121,112,112,141,153,157,147,79,143,111,206,210,215,183,191,204,17,29,49,6,58,7,7,4,8,15,16,12,5,0,2,87,28,205,197,216,223,227,209,204,193,153,144,124,135,149,141,127,143,134,125,140,156,163,174,168,170,128,96,69,35,71,96,95,104,138,158,179,196,223,171,46,39,34,36,35,32,29,28,29,28,30,32,30,37,42,48,52,58,67,70,69,66,72,66,63,60,61,59,56,56,58,59,56,54,52,57,58,60,58,58,48,41,46,50,52,58,57,66,65,70,68,70,69
93,95,73,49,58,59,57,64,75,73,63,52,48,50,66,99,119,133,132,133,134,121,123,125,138,129,118,112,117,116,122,120,119,115,114,113,110,111,115,115,111,110,102,106,105,102,103,94,85,79,80,81,85,99,107,120,113,140,150,157,139,138,107,94,79,85,120,138,121,134,132,140,141,153,116,119,122,121,137,136,154,152,140,117,59,75,85,194,194,193,186,173,187,71,21,25,25,27,5,1,8,9,1,0,1,22,69,15,143,199,207,209,205,223,217,174,168,148,164,133,124,140,143,122,139,161,156,147,157,164,172,166,141,31,66,39,51,54,49,66,85,115,142,175,187,217,220,107,37,36,38,35,32,33,30,29,28,30,30,34,37,45,48,53,55,65,67,66,67,68,68,68,67,65,67,64,60,60,56,56,57,60,61,62,60,61,60,51,43,49,51,54,53,50,55,55,58,60,65,69
92,99,84,50,42,44,48,51,60,66,63,55,57,51,61,95,119,125,127,125,117,120,133,146,145,144,128,115,108,111,110,113,115,110,113,115,108,106,109,111,109,109,105,104,99,101,101,100,98,84,78,80,83,93,99,104,123,116,140,117,118,124,100,106,88,52,104,113,93,118,118,122,128,114,107,139,116,140,121,117,136,154,148,134,101,19,86,163,184,194,175,170,173,146,100,16,15,29,0,0,7,8,18,0,41,22,20,173,200,208,208,210,215,205,193,177,168,163,143,119,138,109,147,143,148,123,147,156,169,167,161,127,96,35,21,33,29,55,30,53,53,48,80,95,144,199,221,201,51,39,36,36,34,32,30,30,27,28,27,28,38,47,44,49,55,65,64,64,65,68,69,72,68,74,73,71,63,59,60,60,62,64,67,66,63,65,63,57,52,50,59,63,59,54,48,48,48,53,63,65
96,97,90,67,60,57,54,57,66,65,70,62,55,50,55,101,126,130,126,127,129,131,145,150,149,134,123,108,101,99,103,108,106,114,114,112,114,112,109,107,110,111,113,109,106,105,100,98,96,90,79,73,80,76,80,85,77,84,94,80,85,101,93,87,73,109,74,57,87,83,45,90,111,106,115,122,118,123,119,124,154,156,150,160,148,121,97,106,121,191,165,169,117,146,158,77,18,19,3,13,0,19,5,6,17,108,191,173,199,208,213,239,220,188,154,165,140,156,145,138,127,134,131,147,145,142,143,169,162,179,109,63,32,23,23,23,31,38,34,35,41,60,55,96,101,141,194,204,156,42,37,38,33,34,31,32,25,27,25,27,33,42,45,48,57,60,62,65,64,70,70,71,67,77,74,71,62,61,57,62,64,64,66,65,66,65,65,58,50,49,61,65,64,59,51,50,46,54,61,66
95,97,91,82,78,77,76,72,68,69,73,72,63,57,57,93,129,134,134,135,129,141,150,152,137,121,109,92,96,99,99,102,111,113,116,118,119,113,108,109,102,112,114,111,110,112,112,107,107,92,81,82,90,97,79,74,74,63,81,63,87,75,78,76,72,51,55,60,78,40,59,42,80,98,81,121,111,128,138,102,123,122,157,164,156,137,128,81,47,64,110,157,148,102,113,151,124,52,2,11,6,20,29,45,145,167,149,160,165,201,173,207,196,179,173,143,148,134,112,124,130,140,122,143,156,155,138,168,156,155,77,34,19,5,9,18,10,22,56,10,24,26,45,41,73,55,107,156,145,91,52,34,34,34,33,27,26,28,25,29,35,36,41,45,51,59,62,63,67,73,72,72,70,71,70,66,63,61,60,62,63,64,63,65,65,67,67,62,54,53,57,62,64,61,58,55,51,55,56,63
95,98,96,78,89,83,80,75,71,68,70,72,66,66,63,84,126,140,134,135,137,143,149,150,136,123,104,101,100,102,105,109,111,117,119,121,126,124,109,107,111,251,254,117,112,106,108,109,105,95,81,86,102,105,84,68,68,72,69,65,57,51,68,54,61,56,39,38,58,27,35,32,64,44,120,79,78,103,108,112,91,103,124,102,100,158,116,116,77,44,47,96,121,132,165,151,129,134,59,59,82,77,68,119,125,117,115,169,143,179,211,201,192,178,150,134,140,135,125,137,135,112,131,160,142,149,126,127,115,93,31,7,2,1,11,7,11,16,11,16,25,15,18,16,19,27,55,69,85,77,44,37,36,34,31,29,27,33,33,29,32,36,39,42,48,55,59,64,70,74,73,69,70,68,69,63,61,64,66,65,62,60,63,65,66,66,68,61,55,52,51,51,58,60,60,59,52,52,52,54
94,98,91,79,80,85,86,86,83,79,77,74,71,70,72,88,120,135,138,137,139,146,140,138,132,125,118,114,114,117,115,116,118,120,123,124,127,127,113,103,116,130,132,244,216,246,241,129,105,93,79,83,100,108,96,86,56,50,49,59,70,51,43,39,66,40,44,34,48,32,16,27,29,34,68,34,56,73,86,88,96,100,76,110,162,170,171,137,77,156,35,90,22,101,81,138,153,129,98,84,40,128,71,92,104,66,151,177,157,173,160,188,190,177,139,132,130,114,115,132,128,138,134,125,116,142,132,99,35,23,4,10,1,4,4,3,5,5,10,5,14,12,10,3,6,3,19,23,34,43,53,44,35,35,32,29,29,34,37,38,39,38,38,40,43,53,57,64,67,72,71,66,65,65,62,64,61,66,67,61,59,60,61,61,66,72,70,64,57,51,52,53,53,56,56,55,58,52,52,55
93,95,92,81,81,84,90,91,84,81,87,89,85,75,82,101,123,137,135,142,140,134,133,125,139,136,119,113,114,114,113,115,120,120,117,118,122,120,112,104,120,127,138,126,219,210,236,249,244,67,76,67,87,103,95,79,53,51,68,38,45,39,35,31,30,19,47,41,23,45,29,27,15,25,36,35,40,45,34,41,104,79,100,82,118,94,146,150,207,107,46,37,69,50,50,98,87,103,87,138,137,108,66,119,112,116,165,168,104,152,171,196,154,163,148,124,154,129,135,123,111,121,147,108,126,124,127,34,12,1,4,3,1,1,1,1,0,0,0,0,0,0,1,1,0,0,1,11,14,24,27,36,37,36,33,32,30,35,39,41,42,42,41,39,41,48,52,60,64,65,69,65,63,64,67,67,70,69,69,64,62,61,64,63,67,70,73,67,61,52,53,55,59,58,60,59,55,53,59,61
86,95,95,86,80,77,82,80,77,75,85,88,88,85,94,120,145,145,146,140,133,129,135,142,145,141,131,107,104,110,107,112,120,119,115,110,116,116,112,109,113,124,132,124,120,91,240,231,244,249,253,53,83,93,94,73,52,20,29,17,23,42,17,20,29,25,25,13,30,32,15,16,24,6,8,15,54,22,16,61,76,48,85,84,83,102,108,158,88,113,96,57,49,63,72,40,27,33,26,62,49,116,129,116,132,129,177,171,196,167,177,168,141,153,158,109,99,94,121,109,88,114,104,89,111,103,14,1,0,0,0,0,1,1,1,0,0,0,1,0,0,0,1,0,0,1,1,0,4,17,22,28,35,37,35,31,31,34,40,43,48,49,44,43,43,49,52,56,60,63,65,63,66,66,67,69,75,73,75,65,66,64,64,66,67,75,73,70,65,54,51,53,62,67,71,69,66,63,67,74
89,94,99,85,73,75,75,72,65,74,73,76,86,92,101,129,151,153,147,139,134,134,131,134,140,145,147,123,98,107,107,100,100,105,108,118,128,128,126,122,122,130,138,136,123,116,110,100,212,229,244,249,252,109,83,34,17,26,14,25,17,19,18,16,14,20,30,11,22,17,23,21,23,22,14,12,0,16,14,21,16,54,64,105,84,43,54,177,147,137,123,79,57,41,63,47,33,38,40,52,66,89,102,142,121,112,149,148,157,169,170,154,130,148,119,96,77,83,88,100,74,79,45,33,62,0,0,0,0,0,0,2,2,17,0,0,0,0,0,0,0,0,0,0,0,0,0,0,0,15,18,27,34,38,35,28,31,34,37,41,48,50,46,43,47,50,52,54,57,61,64,66,68,71,73,73,76,76,70,66,67,66,65,69,73,76,75,69,64,53,50,53,61,70,81,80,73,67,67,74
87,95,94,75,67,69,67,70,68,66,66,68,76,92,107,144,157,151,136,138,136,133,127,120,112,114,136,126,100,103,104,100,101,97,98,108,124,130,131,125,128,132,141,143,127,122,111,106,110,170,232,232,243,253,160,29,20,31,20,22,19,9,3,4,24,27,11,16,9,23,2,26,13,26,11,11,10,10,2,17,0,19,50,68,80,97,196,116,153,160,171,138,83,41,29,35,35,39,41,30,24,30,30,48,35,82,115,109,136,125,140,137,125,152,93,108,63,60,31,41,44,21,15,3,4,2,0,0,0,0,0,0,0,0,0,0,0,0,0,0,0,0,0,0,0,0,0,0,0,8,17,23,34,42,38,32,31,32,35,38,49,51,49,46,45,50,57,62,62,60,64,68,72,77,77,75,76,75,73,74,65,68,66,67,69,78,79,76,69,65,56,56,62,71,81,84,78,72,66,64
89,93,101,88,66,73,64,66,65,67,68,66,73,96,122,149,152,135,130,131,124,124,130,129,124,121,131,133,113,105,105,105,100,101,101,98,113,118,117,114,124,130,132,132,127,119,107,108,106,110,88,228,225,232,242,248,11,27,7,12,1,11,8,6,16,11,20,29,39,4,3,16,11,20,2,1,0,0,0,0,0,2,8,37,63,220,111,63,110,157,160,162,102,82,63,42,57,69,55,39,29,9,36,35,63,102,127,136,158,164,102,108,86,102,102,36,1,19,40,0,21,12,0,0,0,0,0,2,0,0,0,1,0,0,0,0,0,0,0,0,1,0,0,0,0,0,0,0,0,1,11,17,25,36,38,30,28,31,29,35,42,45,46,44,46,52,61,66,64,63,67,75,80,82,77,77,70,73,71,73,72,68,65,64,73,82,82,82,81,72,65,65,60,66,71,74,72,73,68,67
86,97,104,101,80,73,67,64,65,61,62,65,80,99,127,142,149,128,128,136,134,135,150,156,153,151,157,163,143,128,130,119,112,113,110,111,107,107,106,111,116,124,129,126,133,125,114,102,101,106,120,128,113,228,231,235,248,250,85,6,1,1,12,1,7,13,11,19,2,12,4,3,5,3,0,1,0,0,0,0,0,2,0,13,216,54,49,45,122,73,138,156,163,134,104,80,90,99,93,72,54,72,77,110,122,143,149,188,143,130,118,122,107,101,91,9,14,8,0,0,0,1,0,7,0,0,0,0,1,0,0,0,0,0,0,0,0,0,0,0,0,0,0,0,0,0,0,0,0,0,2,13,22,33,38,31,31,32,33,38,43,43,41,44,46,55,64,73,68,69,73,81,84,83,80,69,71,77,73,72,71,62,62,60,65,75,81,88,83,74,67,68,67,64,66,73,79,72,68,67
92,100,108,110,91,76,72,63,59,53,57,64,82,103,120,140,132,132,135,143,152,157,171,185,176,167,174,176,172,163,161,155,146,131,120,119,115,110,110,114,120,125,129,130,130,123,117,103,102,108,127,132,121,29,162,221,229,237,248,248,21,4,7,12,12,10,5,6,16,9,12,1,17,0,0,2,0,2,0,0,0,7,9,210,12,17,58,50,35,31,113,132,152,142,148,131,87,143,126,118,84,97,114,122,137,168,165,159,136,69,77,63,54,102,36,22,32,2,8,0,0,0,0,0,0,0,0,0,0,0,0,0,0,0,0,0,1,0,0,0,0,0,0,0,0,0,0,0,0,0,0,11,16,26,36,35,31,34,38,41,47,49,50,60,58,70,77,76,71,71,72,77,79,79,74,71,69,69,69,67,61,59,59,57,63,73,81,85,79,72,66,65,64,65,64,75,75,74,66,64
101,102,105,111,92,66,69,69,54,50,51,64,89,107,130,140,144,142,142,159,163,173,182,191,181,173,177,185,180,176,176,173,166,142,127,120,117,109,112,115,119,120,122,122,126,119,112,103,107,114,133,133,78,26,13,71,189,225,230,234,249,240,13,3,5,4,0,0,5,8,7,1,2,1,1,6,0,0,0,0,3,2,225,26,22,7,0,12,21,25,66,82,104,119,129,112,121,104,53,91,112,98,140,158,164,155,153,97,100,102,85,81,60,43,10,1,0,0,0,1,0,0,0,0,0,0,0,0,0,0,0,0,0,0,1,1,0,0,0,0,0,0,0,0,0,0,0,0,0,0,4,2,14,18,32,37,32,34,39,45,50,65,77,80,76,81,80,79,75,72,72,73,76,75,70,71,71,68,67,63,61,66,64,65,65,75,83,86,81,68,68,72,63,67,75,81,83,81,73,66
102,96,95,104,95,82,89,84,75,64,58,68,94,109,134,145,147,144,146,161,165,167,180,183,173,165,174,171,164,166,166,163,157,142,120,115,108,103,102,106,111,122,128,125,122,118,113,106,121,141,139,77,25,21,13,10,14,147,232,232,234,241,247,105,0,12,5,4,3,0,4,3,6,0,1,0,0,0,0,2,93,223,17,7,0,0,0,0,32,32,84,45,75,102,75,83,111,90,86,130,131,114,162,145,153,100,107,34,77,88,22,63,56,63,2,0,1,0,0,0,0,0,0,1,0,0,0,0,0,1,0,0,0,0,0,2,0,1,1,0,0,0,0,0,0,0,0,0,0,0,0,0,4,13,23,31,33,32,35,48,54,75,82,90,81,80,79,72,68,73,74,70,71,70,68,68,67,70,73,69,70,73,76,74,71,82,90,92,81,71,75,75,71,73,78,87,88,83,75,72
90,84,90,105,107,97,99,104,91,71,74,94,111,124,134,144,145,136,133,144,152,152,155,157,154,158,160,151,133,133,136,139,142,130,124,116,105,99,96,103,113,132,140,148,141,130,124,121,140,149,129,33,14,6,0,0,12,7,2,145,220,229,234,240,248,12,7,9,1,0,1,11,2,6,0,0,0,0,4,210,207,2,1,1,0,0,0,2,46,33,46,32,37,39,70,77,47,88,107,101,109,135,122,116,108,79,64,22,23,33,0,26,27,80,0,0,0,0,0,0,0,0,0,0,0,0,0,0,1,0,0,0,0,0,0,0,0,0,0,0,0,0,0,0,0,3,0,1,0,0,0,0,2,8,20,32,28,27,32,41,47,69,73,75,65,67,64,63,65,70,73,74,74,69,66,67,72,75,79,79,84,82,80,76,76,87,96,96,86,85,84,83,81,83,87,87,87,85,84,87
83,88,94,102,105,100,92,96,86,80,82,99,109,120,131,135,127,125,113,106,125,131,126,135,137,134,132,123,113,112,120,126,127,127,119,110,105,99,104,114,123,146,163,161,153,139,139,138,128,106,35,16,7,2,2,1,9,6,3,25,53,156,213,230,232,241,245,10,8,1,0,12,1,9,0,0,0,1,213,225,12,2,0,0,0,0,0,33,4,15,18,27,28,12,31,35,52,70,86,91,92,109,48,67,85,50,4,1,11,23,0,13,0,0,0,1,0,0,0,0,0,0,0,0,0,1,0,0,0,0,0,0,0,0,0,0,0,0,0,0,0,0,0,0,0,0,0,0,0,0,0,0,1,11,18,27,28,25,30,38,42,53,57,57,54,51,53,56,62,66,73,74,78,73,72,71,73,90,99,96,87,86,81,68,65,79,83,87,80,80,83,82,80,84,86,87,87,87,94,91
83,91,98,106,97,92,90,79,76,75,80,84,95,112,124,130,135,128,112,101,105,114,119,126,129,119,113,108,107,114,116,118,121,120,110,104,99,103,107,109,120,136,156,158,155,140,140,136,97,35,18,15,11,4,7,3,19,12,6,6,7,2,99,154,216,229,228,243,247,3,2,6,2,1,0,0,1,214,242,37,0,1,0,0,0,0,0,39,1,25,1,24,11,24,40,54,35,57,57,59,52,42,24,17,16,2,82,3,0,15,0,0,5,44,0,7,0,0,0,0,0,0,0,0,0,0,0,0,0,0,1,0,0,0,0,0,0,0,0,0,0,0,0,0,0,0,0,0,0,0,0,0,1,2,17,24,32,26,28,34,32,38,49,50,50,46,50,53,53,60,72,76,79,79,75,74,78,97,104,97,90,91,79,70,69,72,77,76,80,81,77,76,79,89,92,93,91,92,95,98
92,94,97,107,92,78,67,66,61,69,76,84,93,113,128,139,143,140,128,118,117,121,123,121,123,119,114,106,110,110,111,107,105,108,104,102,109,111,119,115,118,129,145,147,141,142,145,120,53,19,15,4,0,9,3,9,12,11,10,1,4,2,1,8,133,175,223,231,225,249,252,8,0,0,1,0,0,229,149,2,0,0,0,0,0,0,0,32,2,5,1,26,16,20,173,47,41,22,24,36,29,48,47,20,12,0,4,32,2,0,0,0,0,0,0,0,0,0,0,0,0,0,0,0,0,0,0,0,0,2,2,0,0,0,0,1,0,0,0,0,0,1,1,0,0,0,0,0,0,0,0,0,1,0,3,20,31,29,28,30,36,39,49,50,46,45,46,49,56,65,74,77,81,80,76,74,76,93,99,97,83,82,81,81,74,72,77,77,76,78,82,82,87,91,96,91,90,92,95,95
90,93,94,97,84,53,49,47,57,73,89,97,113,125,135,143,142,139,133,129,128,127,123,122,121,122,113,109,104,101,97,100,101,105,109,110,114,125,134,128,128,122,130,138,142,144,129,58,20,9,1,0,8,1,7,14,1,7,6,1,1,2,1,4,1,1,160,187,237,222,227,241,239,6,1,0,202,171,52,0,0,0,0,0,0,0,0,1,24,30,27,19,17,15,25,15,17,19,18,22,33,24,40,45,44,42,11,5,24,1,1,0,0,0,0,0,0,0,0,0,0,0,0,0,0,0,0,0,0,0,0,0,0,0,0,0,0,1,3,1,0,0,18,0,0,0,0,0,0,0,0,0,0,0,4,15,29,36,29,33,34,38,45,44,44,42,46,47,52,59,67,75,82,85,73,74,75,84,90,91,79,83,89,84,82,77,79,84,85,88,94,93,102,110,98,88,85,87,91,101
94,98,102,98,90,62,50,54,70,88,100,106,114,131,141,140,142,140,133,120,128,128,123,114,112,113,112,109,104,98,95,100,102,105,109,111,114,127,139,141,147,149,144,141,143,124,62,16,15,5,1,1,2,7,10,6,1,3,1,2,1,9,1,5,3,5,3,32,163,201,225,226,235,241,175,5,177,196,0,0,0,0,0,0,0,26,17,31,23,31,41,26,0,13,18,23,5,3,29,12,17,17,11,33,35,36,40,54,30,4,8,0,0,0,0,0,0,0,0,0,0,0,0,0,0,0,0,0,0,0,1,1,0,1,0,0,0,0,1,0,0,0,0,0,0,0,0,0,0,0,0,0,0,4,6,11,22,35,32,36,42,40,41,40,38,38,47,44,50,53,59,71,82,90,75,73,76,84,89,86,83,86,88,87,84,84,87,93,93,102,107,102,107,109,103,89,87,90,97,109
92,100,108,109,106,88,72,80,87,96,100,97,105,123,134,136,137,140,129,119,122,125,119,116,107,109,113,118,115,101,99,105,108,107,111,113,112,125,143,158,165,162,156,144,133,88,31,14,3,0,0,1,1,10,14,11,9,2,6,1,13,9,0,10,2,1,1,0,1,83,136,201,222,221,228,238,192,0,0,0,0,0,1,9,43,33,38,28,38,20,24,29,14,7,21,15,16,22,1,29,17,36,17,21,36,33,21,35,48,41,55,24,3,0,0,0,0,0,0,0,0,0,0,0,0,0,0,0,0,0,1,0,0,3,0,1,0,0,0,0,0,0,0,0,0,0,0,0,0,0,0,0,0,0,2,13,21,30,36,38,39,41,41,37,41,42,43,44,46,50,54,66,82,84,82,76,77,85,89,84,83,92,89,84,88,92,90,91,92,98,96,93,99,103,106,113,111,107,116,130
89,97,101,106,110,110,102,102,103,108,110,107,108,115,117,122,129,137,133,122,118,122,117,117,111,110,110,117,119,106,105,102,110,109,110,115,104,116,148,163,169,170,161,144,119,47,23,12,1,0,1,2,7,1,3,0,0,1,2,4,6,0,1,22,1,3,0,1,2,0,1,124,117,208,218,219,229,242,10,0,2,17,1,45,34,30,38,45,21,27,32,36,24,23,15,29,14,23,36,24,20,13,18,27,21,44,17,25,28,40,52,49,30,6,1,0,0,0,0,0,0,0,0,0,0,0,0,0,1,0,0,0,0,0,2,0,0,0,0,0,0,0,0,0,0,0,0,0,0,0,5,2,0,2,0,9,14,22,35,37,40,40,39,41,41,41,44,44,41,49,51,64,81,85,78,81,80,82,87,85,88,99,90,89,89,84,75,66,72,74,75,70,76,95,103,128,134,130,135,139
86,95,95,104,115,125,122,124,122,122,128,130,132,129,119,117,123,136,128,121,119,123,118,116,112,112,110,111,113,109,106,107,108,106,113,112,113,125,147,155,158,162,156,131,71,21,12,6,0,0,0,2,0,6,1,0,2,0,1,8,2,3,1,14,0,7,0,2,0,0,5,7,2,129,90,219,220,218,233,241,1,6,43,32,26,35,41,25,43,41,32,34,31,20,24,37,23,13,41,41,29,20,19,19,18,21,27,30,28,23,30,50,47,34,12,16,0,0,0,0,0,0,1,0,1,0,0,1,0,1,0,0,0,0,0,0,0,0,0,0,0,0,0,0,0,0,0,0,1,0,0,0,0,0,0,5,13,25,37,39,42,42,43,44,44,45,42,44,47,50,53,61,72,81,81,78,81,81,83,93,98,90,88,84,80,67,50,40,44,47,51,55,70,78,98,132,141,146,154,144
81,94,97,106,128,132,131,138,137,136,136,133,137,135,128,117,119,126,123,125,123,121,122,120,115,109,108,108,108,109,109,107,104,104,104,111,112,131,143,152,148,158,145,122,71,22,7,2,1,1,1,7,2,6,0,0,0,0,0,7,4,3,2,1,3,1,1,1,0,1,3,0,1,1,1,146,114,207,212,211,234,212,29,30,27,30,16,34,27,17,37,36,34,22,40,27,28,19,42,43,26,28,19,16,38,17,7,29,24,26,44,19,40,48,34,21,16,0,1,0,0,0,0,1,0,0,1,1,0,0,1,1,3,0,0,0,0,0,0,0,0,0,0,0,0,0,1,1,0,0,0,0,0,8,13,6,10,18,30,42,44,44,48,48,49,45,44,45,48,57,59,58,63,81,87,84,73,75,81,102,101,100,92,92,85,72,62,52,51,48,46,49,65,68,85,117,133,142,161,151
74,92,100,104,118,122,123,124,126,128,126,126,126,125,122,112,108,114,129,135,128,121,122,117,108,109,106,113,113,109,119,111,107,103,108,109,114,131,150,154,146,143,122,73,31,11,7,1,3,0,1,1,3,2,0,0,0,0,0,3,1,1,5,0,1,1,1,3,0,2,0,3,0,0,0,0,17,156,119,215,205,102,35,32,47,16,23,26,32,18,33,38,18,26,48,22,24,29,21,27,27,27,30,30,28,10,24,19,36,34,38,38,26,35,38,35,13,8,0,2,0,0,0,0,0,0,0,1,0,0,1,1,4,0,0,0,0,0,0,0,0,0,0,0,0,0,0,0,0,0,1,12,2,0,2,1,2,14,20,39,48,48,49,48,48,46,40,46,48,54,55,54,66,78,86,79,66,67,82,109,107,104,103,108,96,85,75,68,61,54,50,52,58,65,81,96,103,122,151,152
73,90,95,89,96,105,106,118,121,121,124,128,121,121,116,104,104,111,134,149,141,126,125,114,109,107,111,115,117,114,127,123,108,106,110,115,119,131,148,154,157,148,127,52,18,7,5,0,0,0,0,0,1,1,0,0,0,0,1,1,0,0,0,0,10,0,2,0,0,1,8,6,1,0,0,0,0,1,72,133,99,45,31,21,20,19,39,50,28,40,37,42,38,36,35,29,32,35,30,33,33,33,26,30,36,27,34,35,40,23,34,29,32,35,35,41,41,34,20,5,0,1,0,0,1,0,0,0,0,0,0,0,0,1,0,0,0,0,0,0,0,0,0,0,0,0,0,0,0,0,0,0,0,0,1,1,8,12,16,32,48,50,48,46,45,46,46,42,53,51,52,49,57,70,72,72,65,66,87,105,112,114,117,116,106,85,85,80,74,63,56,58,58,62,74,81,73,103,148,149
88,90,88,87,88,93,98,114,122,125,124,122,122,115,109,105,104,113,134,147,141,135,126,118,115,114,111,116,121,117,122,121,109,110,107,111,116,124,143,154,157,142,88,24,5,0,0,1,0,0,0,0,0,0,0,0,0,0,0,2,0,0,1,0,2,1,4,0,2,0,9,3,6,0,0,0,0,0,0,14,85,41,31,33,34,33,26,31,30,27,41,37,31,31,41,31,45,46,22,25,44,30,27,31,33,30,31,33,27,34,25,20,30,32,31,35,34,37,31,18,24,14,1,0,0,2,0,0,0,0,0,0,0,0,2,0,0,0,0,0,0,1,0,1,2,1,7,1,1,0,0,1,0,0,1,3,5,5,17,29,44,51,49,43,45,43,43,44,42,44,46,44,47,50,58,59,55,56,79,93,107,112,122,106,86,79,77,77,73,66,60,58,60,61,69,75,71,85,137,146
94,92,87,88,87,102,98,101,107,116,119,122,120,116,109,106,108,116,133,143,141,129,124,116,113,112,113,113,110,110,107,109,107,107,101,108,120,125,127,141,154,154,71,14,0,2,0,0,0,0,1,0,0,0,1,1,0,0,1,1,1,5,5,3,5,0,11,0,1,0,1,0,0,0,0,0,0,0,1,13,44,44,29,33,15,32,37,32,37,39,32,44,48,43,30,36,30,37,31,27,42,36,37,42,24,34,35,34,28,25,24,20,23,22,38,36,33,40,35,23,24,0,0,0,0,0,0,0,0,1,0,0,0,0,0,0,0,0,0,0,0,0,1,0,0,2,0,0,0,5,2,0,0,2,0,1,3,8,13,24,47,52,45,44,41,43,44,46,45,48,44,43,46,46,48,54,55,52,69,87,105,105,103,90,73,75,74,75,72,66,62,61,60,60,68,67,71,90,146,155
89,92,93,90,89,96,104,89,87,109,118,121,123,120,110,104,112,120,136,138,137,123,117,114,108,109,106,108,106,104,103,103,103,101,101,111,125,120,118,128,148,138,59,19,0,0,0,0,0,0,0,0,0,0,0,1,0,0,2,1,1,6,0,9,0,0,14,1,0,0,7,0,1,0,0,0,0,0,4,26,74,35,36,25,33,35,29,25,35,42,41,35,35,45,36,32,36,43,24,27,41,38,25,46,37,44,30,27,25,28,24,26,29,24,33,31,20,31,21,37,32,8,19,0,1,0,0,0,0,0,0,0,0,0,0,0,0,0,0,0,0,15,10,11,18,8,1,1,1,1,0,1,6,3,2,0,5,2,9,21,34,51,48,45,44,45,45,49,50,48,47,45,47,44,45,49,47,50,58,79,89,90,80,73,72,72,69,71,71,67,68,65,67,64,63,65,74,115,142,143
89,90,96,94,97,104,103,93,82,99,114,119,122,116,109,107,110,121,135,134,124,121,115,114,109,99,103,108,103,105,104,102,96,99,105,125,135,125,114,123,125,92,16,2,0,0,0,0,0,0,0,0,0,0,0,0,0,0,0,0,4,12,1,0,1,0,2,1,0,0,5,1,0,0,0,0,0,1,21,30,31,23,9,18,31,21,32,15,36,21,30,35,31,39,49,28,43,21,46,25,33,23,40,41,28,34,32,32,25,29,25,28,36,25,33,30,23,24,24,24,37,22,3,0,2,0,0,0,1,0,0,0,1,0,0,0,0,0,0,0,2,4,0,10,6,2,0,2,1,1,0,0,0,0,1,0,4,5,12,20,30,45,44,43,46,47,50,52,52,46,44,48,45,44,41,46,47,51,49,67,69,59,59,60,67,70,68,65,66,67,65,66,66,65,69,72,85,111,120,90
84,88,94,100,112,111,102,90,87,98,106,111,116,116,108,108,110,119,131,127,121,118,121,113,106,104,102,105,108,110,106,103,101,100,112,128,138,120,111,122,89,22,0,0,0,0,0,0,0,0,0,0,0,0,0,0,0,0,0,1,2,1,1,0,1,1,1,0,0,0,1,0,1,0,0,0,0,6,24,28,0,15,5,25,27,33,29,28,43,32,48,21,35,39,36,28,21,26,27,28,37,26,39,25,40,34,38,29,34,31,32,27,21,33,36,20,31,10,26,25,31,38,34,2,12,1,0,6,1,0,0,0,0,0,0,0,0,0,1,1,29,3,0,0,13,14,0,0,1,1,2,11,12,6,4,1,0,2,13,19,31,41,52,54,49,55,52,57,57,53,50,48,45,40,38,37,42,50,55,58,60,54,52,61,59,64,61,63,66,65,63,65,65,67,69,80,94,91,76,59
83,85,88,94,112,122,103,91,97,99,108,114,113,106,105,105,110,115,123,120,115,117,113,106,105,103,104,104,105,109,105,104,102,103,112,130,139,121,101,89,66,19,0,0,0,0,0,0,0,0,0,0,0,0,0,0,0,0,1,3,2,4,0,2,3,0,0,0,0,0,0,0,3,0,0,0,3,13,28,29,6,8,14,29,22,31,25,31,43,27,31,32,33,40,40,30,19,30,17,29,36,34,33,30,35,29,27,31,31,32,32,35,27,31,24,31,21,3,27,13,20,30,22,17,14,1,3,1,2,0,10,2,0,0,0,8,1,0,0,0,0,1,1,0,8,9,0,1,2,0,1,2,2,0,8,0,0,6,17,11,21,37,56,58,53,55,57,54,56,54,48,46,45,42,41,40,42,46,53,62,63,60,58,55,53,56,56,60,64,63,66,65,62,64,77,104,109,82,62,64
82,83,87,92,103,107,102,90,101,107,112,113,116,107,104,103,108,112,110,117,124,118,107,107,107,104,104,104,106,106,103,101,99,102,113,130,136,122,109,78,21,1,0,0,0,0,0,0,0,0,0,0,0,0,0,0,0,0,1,1,1,1,0,0,3,0,2,0,1,0,0,1,2,0,0,0,14,24,10,17,16,19,16,31,25,25,31,25,27,31,18,26,39,35,24,39,26,25,20,34,30,33,29,39,20,22,26,26,21,33,29,31,26,29,24,39,29,16,15,20,1,28,22,33,40,28,26,23,1,0,0,2,0,0,0,3,0,1,1,34,0,0,1,5,9,13,5,0,1,2,1,36,0,0,0,1,0,0,13,17,18,28,40,59,60,59,54,53,50,49,48,44,46,49,45,44,42,47,55,62,65,63,55,54,48,48,55,59,64,62,65,71,64,70,88,119,113,72,62,69
85,91,92,91,94,97,97,92,101,109,110,114,106,102,103,110,109,105,109,121,131,123,106,102,102,111,106,104,103,106,99,101,99,98,112,132,135,126,89,33,6,0,0,0,0,0,0,0,0,0,0,0,0,0,0,0,0,0,0,0,4,16,1,2,4,0,1,0,3,0,0,0,0,0,3,2,12,19,7,10,17,40,29,23,26,17,35,25,33,21,26,27,30,38,36,30,24,29,28,42,22,43,29,26,36,19,24,21,12,20,25,20,16,19,30,35,34,21,10,15,12,18,25,28,23,16,7,18,9,8,22,2,3,0,0,0,0,1,1,0,0,0,1,0,6,1,14,2,11,14,2,1,3,7,0,0,5,0,10,10,4,19,38,53,53,58,52,51,50,49,49,44,49,55,53,47,45,49,57,64,60,59,58,54,54,51,57,62,61,66,70,73,70,71,87,101,89,62,65,69
94,92,91,90,98,97,89,97,104,111,113,111,106,100,99,111,110,106,112,118,124,119,109,105,105,106,110,105,103,103,103,101,102,102,124,146,148,123,102,32,10,2,1,0,0,0,0,0,0,0,0,0,0,0,0,0,0,0,0,0,0,1,1,0,2,9,0,0,2,0,0,0,0,0,0,3,11,6,14,11,15,27,30,23,18,25,35,19,24,17,19,19,42,33,31,33,23,19,33,31,32,26,24,20,23,15,16,18,17,17,22,19,18,18,19,29,33,31,23,13,18,18,14,16,26,29,21,40,19,14,18,0,2,0,0,0,0,1,6,0,0,14,0,5,0,5,0,0,3,10,7,54,1,0,1,2,0,1,1,12,6,16,32,41,57,48,49,50,48,48,47,52,52,60,53,52,50,51,60,60,55,54,55,58,57,60,60,64,59,64,68,74,74,72,74,73,69,66,67,69
95,95,90,91,95,96,92,99,106,110,112,108,103,105,104,113,115,108,108,113,110,113,112,110,111,113,109,103,101,101,104,118,125,125,134,156,155,128,80,14,1,0,0,0,0,0,0,0,0,0,0,0,0,0,0,0,0,0,0,0,0,0,0,0,1,1,0,0,5,1,0,1,0,0,0,9,16,11,17,20,13,29,20,29,17,28,31,18,22,37,17,25,49,17,17,20,28,36,36,31,20,18,27,20,15,1,19,16,19,21,23,16,25,17,16,21,30,27,30,31,15,6,18,13,15,43,29,9,8,23,0,1,0,0,0,2,0,0,0,1,1,0,4,0,16,7,6,1,1,12,5,9,5,12,0,5,0,0,1,0,2,11,22,34,44,48,46,50,50,54,51,54,55,60,58,54,54,61,64,60,53,52,55,57,63,62,65,66,60,63,70,79,82,79,75,69,72,78,78,77
94,98,93,96,100,95,94,99,108,110,110,109,106,109,109,116,126,115,107,107,112,111,114,123,121,114,110,102,99,102,108,126,141,147,146,161,159,102,32,7,2,0,0,0,0,0,0,0,0,0,0,0,0,0,0,0,0,0,0,0,0,0,1,0,0,0,0,1,0,0,0,0,0,0,1,21,14,5,18,12,18,23,30,17,18,28,32,21,23,29,23,25,30,25,26,21,1,41,35,24,20,16,16,10,13,1,6,9,9,13,17,31,20,19,20,19,23,29,30,44,24,10,16,15,19,25,40,16,27,21,3,0,0,2,6,0,0,0,0,0,0,0,0,7,0,0,1,36,13,5,3,3,1,5,6,1,0,5,8,2,1,2,6,20,36,47,47,52,51,53,52,53,52,60,56,61,67,71,66,59,52,55,59,61,63,64,61,62,65,71,78,85,84,79,75,69,71,78,82,90
97,101,91,99,102,101,99,103,109,110,109,106,107,111,118,125,125,125,116,116,114,114,113,128,132,120,112,108,102,103,118,137,157,160,157,166,155,108,37,4,0,2,0,0,0,0,0,0,0,0,0,0,0,0,0,0,0,0,0,0,0,0,0,4,0,1,0,2,2,0,2,0,0,1,3,16,10,11,17,9,12,29,18,19,19,16,30,22,26,14,28,37,33,17,21,17,0,42,29,23,19,14,4,7,14,0,3,5,2,20,12,2,11,10,4,12,27,26,26,30,35,20,8,16,15,29,15,25,14,13,7,14,24,13,14,2,0,0,0,0,0,0,0,0,0,0,0,0,0,3,4,0,0,1,0,0,0,0,2,8,3,1,2,18,34,44,49,53,55,55,53,52,58,62,65,64,71,72,67,52,53,57,63,64,63,61,61,61,66,83,89,82,82,84,74,72,73,76,85,94
101,97,95,100,104,103,101,104,109,112,110,107,108,111,129,139,137,129,130,128,119,114,113,130,129,116,116,113,104,101,132,159,171,167,162,169,149,89,30,6,1,0,0,1,38,0,0,0,0,0,0,0,0,0,0,0,0,0,0,0,0,0,0,2,0,0,0,1,2,0,2,0,0,0,12,19,14,16,19,21,21,18,18,0,13,17,28,24,23,20,30,34,26,20,23,13,1,32,29,22,14,14,1,0,0,0,7,12,16,25,36,21,17,14,5,14,18,17,31,35,31,31,33,10,16,22,28,21,36,5,25,4,31,12,0,9,0,0,0,9,1,0,0,1,0,0,0,2,1,10,3,2,0,0,0,0,0,0,2,0,2,2,3,15,19,41,57,63,57,52,50,52,62,64,67,68,76,77,62,54,50,58,64,67,66,63,61,58,72,86,87,79,83,84,79,73,79,82,84,85
103,100,100,107,109,104,102,101,100,107,111,113,111,110,126,136,126,124,127,130,123,112,113,124,121,111,112,111,108,120,144,162,167,166,150,149,130,65,21,6,3,2,0,1,0,0,0,0,0,0,0,0,0,0,0,0,0,0,0,0,0,0,0,0,0,0,0,5,0,0,0,1,0,12,6,7,15,9,12,15,32,20,8,1,3,17,25,25,27,29,20,31,19,12,20,4,1,23,22,16,2,1,1,0,0,5,2,15,11,28,46,73,75,26,11,7,13,16,14,29,47,54,41,23,12,15,24,34,12,32,2,16,10,16,2,0,3,0,0,0,0,0,0,2,0,0,0,0,0,0,0,1,0,1,0,0,0,1,0,3,0,0,2,15,22,36,57,66,59,53,51,48,57,62,65,68,74,73,65,63,59,61,67,72,73,64,62,60,69,81,79,68,70,76,78,77,80,76,75,80
104,105,103,101,108,108,105,104,105,102,116,122,118,108,110,120,109,118,129,133,136,128,116,118,116,112,107,102,108,134,154,159,157,154,145,145,128,50,14,3,2,5,2,0,0,0,0,0,0,0,0,0,0,0,0,0,0,0,0,0,0,14,0,0,0,0,0,1,2,3,0,10,0,8,4,9,14,18,19,16,25,17,1,2,0,9,18,24,21,22,14,20,18,10,10,1,2,26,15,13,1,1,0,0,2,8,0,3,21,28,44,72,103,140,113,6,14,25,28,34,15,44,24,42,20,15,23,35,16,12,15,1,1,12,7,2,0,1,0,0,0,0,0,0,0,0,0,0,0,0,64,0,0,7,0,0,0,1,0,1,1,0,1,3,15,26,56,65,66,54,49,44,49,53,65,73,74,70,70,65,66,66,73,75,71,68,71,68,82,87,75,73,78,77,75,77,80,82,80,81
97,107,109,106,101,111,110,106,109,110,114,120,116,109,106,106,108,117,127,125,133,131,122,117,116,116,110,103,108,137,156,157,157,152,147,133,118,44,17,13,28,0,0,0,1,1,1,0,0,0,0,0,0,0,0,0,0,0,0,0,0,0,0,0,3,1,0,0,2,0,4,1,7,1,4,16,22,15,12,18,38,7,5,0,0,1,19,26,19,25,13,12,6,9,0,0,0,10,13,17,7,0,0,8,2,20,3,0,0,18,30,66,102,135,147,169,108,2,14,30,44,15,34,30,38,44,18,23,11,11,27,0,18,2,7,21,5,0,0,0,0,0,0,0,0,1,0,0,0,0,1,1,0,0,1,6,0,0,0,0,0,0,0,0,1,19,38,65,65,58,51,47,50,54,65,73,72,70,71,71,68,68,71,72,74,76,78,76,90,85,74,82,89,89,78,77,81,81,77,73
98,105,110,110,106,104,107,105,110,109,108,110,111,111,112,107,108,114,119,124,124,126,120,116,113,112,110,107,119,137,161,162,165,159,146,129,101,46,17,9,3,6,1,1,1,2,2,0,0,0,0,0,0,0,0,0,0,0,0,0,0,0,0,0,2,0,0,0,0,0,0,0,4,0,12,20,26,32,20,25,20,10,0,1,4,0,12,9,17,18,9,11,3,14,2,0,0,1,4,1,6,9,4,10,0,3,0,0,0,1,0,29,61,92,138,171,172,179,82,6,14,31,38,45,24,16,19,46,17,20,22,24,3,4,2,2,64,0,3,1,0,0,2,0,4,1,8,2,0,0,0,1,14,2,1,1,1,1,0,0,0,0,0,0,5,13,34,59,62,55,50,47,48,53,70,76,72,73,71,66,68,71,71,73,75,77,79,87,96,99,80,93,98,88,76,74,78,74,73,62
93,106,110,114,110,105,105,107,106,109,105,105,112,112,112,107,108,112,120,122,143,137,122,116,116,116,115,125,124,137,155,159,154,149,144,136,95,32,16,14,3,1,0,1,1,0,1,0,0,0,0,0,0,0,0,0,0,11,2,0,0,0,0,0,0,0,0,0,0,0,0,0,0,1,28,12,14,23,18,17,39,31,3,3,3,0,3,13,17,10,6,2,1,0,1,0,0,0,0,0,5,6,1,3,0,0,0,2,4,1,2,2,5,44,89,119,165,178,182,180,143,19,14,57,22,25,4,47,18,38,9,9,13,6,0,2,2,9,0,0,0,0,0,0,0,0,0,1,0,1,5,2,0,2,0,4,0,0,0,0,0,0,0,0,2,10,21,45,53,52,49,43,48,61,73,78,76,79,74,63,64,68,71,73,72,74,75,93,111,115,102,98,94,81,76,73,67,68,68,61
97,103,108,109,111,108,107,108,108,111,107,107,114,119,114,115,112,114,115,126,152,147,115,109,111,115,137,140,129,129,151,151,124,115,122,112,35,13,11,7,5,5,2,0,0,0,0,0,0,0,0,0,0,0,0,0,0,1,0,0,0,0,0,0,0,0,0,0,0,0,0,9,1,1,9,20,16,27,34,30,26,48,14,0,0,0,0,0,12,12,6,2,0,0,0,0,0,0,0,0,5,0,0,0,0,4,11,23,10,1,3,5,4,3,10,76,102,129,168,166,181,156,114,49,25,55,14,14,11,14,12,16,4,7,3,0,6,5,0,0,0,0,1,0,0,0,0,0,15,0,0,2,0,0,0,0,1,1,0,0,0,0,0,0,3,11,17,44,47,50,44,48,49,64,72,73,77,75,69,62,67,76,77,75,75,72,78,96,118,122,127,121,103,81,80,81,73,72,70,68
92,99,103,105,105,107,107,107,108,108,109,105,110,111,112,119,132,133,128,125,142,140,113,108,106,124,134,133,121,120,141,150,128,107,115,99,54,12,12,8,2,0,0,1,0,0,0,0,0,0,0,0,0,0,0,4,0,0,0,0,0,0,0,0,0,0,0,0,0,0,7,6,5,9,4,30,25,15,9,54,40,12,19,11,1,10,0,0,3,0,2,3,0,0,0,0,0,0,1,1,0,0,0,0,1,1,5,10,14,9,2,23,12,2,0,5,22,73,105,127,157,192,194,191,61,10,30,48,10,1,10,15,7,26,0,1,2,0,2,0,3,0,1,2,0,0,0,0,0,0,0,0,0,4,2,0,0,0,0,0,0,0,0,0,0,1,16,34,53,50,49,46,52,65,68,62,63,62,63,63,74,83,82,81,71,77,78,98,124,140,155,151,106,81,83,82,78,73,68,66
93,99,101,101,101,103,104,106,103,100,103,106,104,97,105,125,148,164,152,138,149,133,112,102,104,117,120,111,108,113,131,139,143,121,128,123,68,21,13,3,5,1,0,1,0,0,0,0,0,0,0,0,0,0,0,0,0,0,0,4,1,0,0,0,0,0,0,0,0,1,1,2,6,8,11,18,19,13,20,43,31,14,35,13,63,33,4,0,0,4,2,0,0,0,0,0,0,1,1,3,2,0,1,0,1,1,15,16,25,6,3,10,27,2,8,6,6,6,39,61,91,151,190,201,202,181,38,17,25,21,6,22,0,0,0,7,0,0,7,2,1,0,1,0,1,0,0,0,0,6,0,0,0,7,131,12,3,0,0,0,0,0,0,0,0,3,10,26,60,56,52,48,54,64,67,56,54,52,50,64,81,94,85,79,77,82,89,106,122,140,148,135,99,84,82,79,75,72,71,67
96,99,97,98,97,102,105,104,103,103,104,110,112,103,105,124,151,171,164,148,148,138,106,100,105,111,115,109,109,118,122,148,154,141,117,113,62,36,15,13,10,1,4,2,0,1,0,0,0,0,0,0,0,0,0,0,0,0,0,0,4,0,0,0,0,0,0,0,4,5,9,14,18,10,12,14,18,33,15,29,47,27,34,59,12,56,12,8,6,2,3,0,0,0,0,1,1,4,4,3,0,0,1,1,1,6,7,20,12,24,11,11,29,11,5,8,7,3,8,17,28,66,113,153,200,200,201,175,10,24,2,0,15,1,14,0,0,0,0,0,1,2,2,0,0,0,0,0,0,0,201,206,1,11,0,6,0,1,0,0,0,0,0,0,0,0,17,22,50,55,49,51,61,70,68,61,53,51,46,60,78,95,93,80,79,83,96,106,118,112,116,102,89,83,82,76,78,75,73,67
94,95,100,95,98,105,104,98,103,108,102,111,119,110,106,115,140,153,155,138,139,131,114,109,110,113,118,115,119,124,130,145,157,156,138,98,53,22,12,13,0,1,2,0,0,0,1,0,0,0,0,0,0,0,0,0,0,0,0,0,0,0,0,0,0,0,0,0,0,1,16,7,8,24,15,18,22,28,28,31,30,13,53,27,30,35,78,23,35,21,14,1,0,0,0,3,0,4,2,5,3,1,4,1,3,15,9,10,6,23,9,13,54,12,16,12,4,16,20,40,4,4,37,89,124,154,197,199,194,151,4,2,13,2,2,0,0,1,1,0,2,9,0,1,0,0,0,1,0,0,1,54,2,4,1,1,2,0,0,0,0,0,0,0,0,2,9,19,36,51,51,51,57,70,70,63,59,52,47,51,73,85,85,72,74,82,91,102,94,74,74,83,83,79,84,74,74,68,68,66
94,91,97,94,97,103,99,102,104,106,109,100,101,112,113,125,137,137,126,117,116,124,113,115,119,115,117,116,120,124,130,132,145,140,129,86,52,18,13,5,11,5,13,0,0,0,0,1,0,1,0,1,0,0,0,0,0,0,0,0,0,8,0,0,0,1,0,0,2,0,7,17,19,7,14,10,31,53,10,20,70,29,26,25,38,51,38,21,30,41,22,6,1,2,1,1,3,5,0,0,2,1,0,0,2,8,8,12,14,16,18,23,40,49,11,24,7,15,21,36,21,22,18,27,43,102,121,154,202,197,196,141,2,18,1,12,9,0,0,1,0,1,0,0,0,0,2,66,0,0,3,1,1,0,4,7,0,1,0,0,0,0,0,0,0,0,6,20,32,45,50,47,53,60,61,61,63,59,52,49,55,74,78,66,63,72,78,79,58,52,66,69,72,75,71,66,60,63,65,68
91,89,91,90,90,94,99,108,112,112,113,100,96,102,117,132,140,126,106,86,94,102,105,108,107,108,113,116,117,112,110,106,94,94,86,56,31,16,14,11,4,2,8,2,0,0,0,0,4,0,0,0,0,0,0,0,0,0,0,0,0,0,1,0,0,1,4,5,0,3,0,7,23,10,14,32,11,22,32,26,19,19,56,37,76,24,21,34,44,28,39,14,7,3,1,1,5,4,2,0,0,2,0,0,0,0,7,8,11,8,30,19,16,20,19,10,30,16,7,3,37,32,25,34,35,28,49,98,123,161,203,197,188,123,12,7,4,0,0,3,2,0,0,3,0,0,0,0,0,0,0,0,0,4,2,10,1,0,0,0,0,0,0,1,0,0,8,16,27,42,46,50,48,52,55,62,69,62,54,55,58,64,66,63,62,67,65,55,46,53,59,60,58,61,56,52,52,59,65,65
